sequence	R_max	conc_at_Rmax_nM	n_enriched_concs	n_concs_measured	is_monotonic	high_confidence
CGCAACUUCUUAGCGUGACG	14.573065	20	1	1	1	1
UCGAAGUAUAUUAAAUUAUU	10.395335	1300	1	1	1	1
CAGAACAGUUCGACGAUUAG	9.368399	20	1	1	1	1
AUAUUCAGUAUACUACGAUC	8.327466	20	1	1	1	1
CCUGGCUGAAGUGAUAGGAC	8.327466	20	1	1	1	1
AAGAACAAUCGCCUUCGACG	8.316268	1300	1	1	1	1
AAAGAUAAGAACAAAAAAAU	8.316268	1300	1	1	1	1
CACAAGAAACACAGUAGCAA	8.316268	1300	1	1	1	1
ACGUAAAUCGACAUAUAUGA	8.316268	1300	1	1	1	1
CGAGACAGCAUUCACUCGGU	8.316268	1300	1	1	1	1
ACGCGAGGGAGAAUAUUAAC	8.316268	1300	1	1	1	1
CGGAAUGCAGCGUGUCAGGC	8.316268	1300	1	1	1	1
UCAAGAAUACAUCGAGAAAC	8.316268	1300	1	1	1	1
AACAAUCCUCUAAUUCACUC	8.316268	1300	1	1	1	1
AAGAACGCUUAUUGGUGAAC	8.316268	1300	1	1	1	1
CACGUAUAUGCAUAUUUCCU	8.316268	1300	1	1	1	1
UAGAGAAAAUGUUAUUUAUU	8.316268	1300	1	1	1	1
UAUAACUCAGCAUGCAAACU	8.316268	1300	1	1	1	1
UUCGAGGCCACAACACCAAG	8.316268	1300	1	1	1	1
UUGAGUGCAUCUAGUAGAUC	8.316268	1300	1	1	1	1
GAACUACGAGCACAUGUUGU	8.316268	1300	1	1	1	1
GCCCUUUUCAUUCCCCCCUA	8.316268	1300	1	1	1	1
ACACCAAGACAGAAAUCACG	8.316268	1300	1	1	1	1
UCAGAUGCCACCUUAAAAAC	8.316268	1300	1	1	1	1
AGAAGAAGUGAACGGGAAUG	8.316268	1300	1	1	1	1
AACGAGAAAAUUAACAGGAG	8.316268	1300	1	1	1	1
UUACAUCUGCCUUAUAGUCC	8.316268	1300	1	1	1	1
CCGCAGCGGCCAAGAGAUUC	8.316268	1300	1	1	1	1
UCGUCCAUCCGAGCUAAUAU	8.316268	1300	1	1	1	1
UCGAAACAUUACAAUCUCCU	8.316268	1300	1	1	1	1
CAGAUGUGUCUAUAGCAGCG	8.316268	1300	1	1	1	1
AAAGAGUUUCUUACAGUUAC	8.316268	1300	1	1	1	1
UCUGAAGUGGGCGACUUGAA	8.316268	1300	1	1	1	1
AAACGCCGUAUUAACCCUUC	8.316268	1300	1	1	1	1
CUGAUUCCAUACCUCAGCCA	8.316268	1300	1	1	1	1
ACAAUAAGAAAAUUAAUGCC	8.316268	1300	1	1	1	1
ACCUCAUUGGGAACUAAUGU	8.316268	1300	1	1	1	1
UCAUUAGUGUUUGAAUUAAU	8.316268	1300	1	1	1	1
UUGAAGAAACAUAAUCUUUG	8.316268	1300	1	1	1	1
UAUGCGUUCAGACUAAUGUG	8.316268	1300	1	1	1	1
ACACGAAAAUUCAACAAUAU	8.316268	1300	1	1	1	1
UUAGAAACUGCAUGCACCUC	8.316268	1300	1	1	1	1
CUAAAGAGGGUGGGGUAGGC	8.316268	1300	1	1	1	1
GCCAAAAUUCGAAUCUCAUG	8.316268	1300	1	1	1	1
AAAUAUAGAGAAAUAAAGCA	8.316268	1300	1	1	1	1
UGAACCGAGAAAUAAACACG	8.316268	1300	1	1	1	1
ACUAAAGACGCCCCUCAUCA	8.316268	1300	1	1	1	1
AAUAUUGAAGGGUACCUGAC	8.316268	1300	1	1	1	1
GGAAACAUAGAAACGCAUUA	8.316268	1300	1	1	1	1
AGUCCCGAUAACUGGAUGAG	8.316268	1300	1	1	1	1
UACACUCUUUACUUUUUCUA	8.316268	1300	1	1	1	1
AUGGUAAGUAUUAAAUGGUA	8.316268	1300	1	1	1	1
AUCUGAAAACUCUCGAAUCC	8.316268	1300	1	1	1	1
CCCCGUUACAAAGCAUCGGA	8.316268	1300	1	1	1	1
UGCUGUACUCAACCCAAACG	8.316268	1300	1	1	1	1
ACAGAUUAAUCACCCGUAGC	8.316268	1300	1	1	1	1
GAAGAGUGUUAAUCACGAAU	8.316268	1300	1	1	1	1
UUCUUAUUACCCCUAGACAG	8.316268	1300	1	1	1	1
CAGUGGGAAUAAGUAGAACA	8.316268	1300	1	1	1	1
CAAGGAAGAUUUAUACCGAA	8.316268	1300	1	1	1	1
AAAUCACUACCUGAAAAACA	8.316268	1300	1	1	1	1
UCUGGAGCUAGUACGGCUGU	8.316268	1300	1	1	1	1
GAAAAAUAAGACACUGUGCU	8.316268	1300	1	1	1	1
UAGAAGAACGAAUUGAUAAA	8.316268	1300	1	1	1	1
CAUCAGAGUCCACAAGAAAA	8.316268	1300	1	1	1	1
UACUUUCAACACGCCAAAUU	8.316268	1300	1	1	1	1
AGUACACAGGAGUAUACUCC	8.316268	1300	1	1	1	1
AAAUUCAUCCGAUAGAAAGU	8.316268	1300	1	1	1	1
UAAGGUAUUGAGGAAAAGGU	8.316268	1300	1	1	1	1
UCUAUGGUUUCCCAAAUUAA	8.316268	1300	1	1	1	1
CCAAGGCCUAAGAAAGUUGA	8.316268	1300	1	1	1	1
ACUCCCUAUAUUGAAAACUU	8.316268	1300	1	1	1	1
UUAAGAGAAACAAUGCUCCA	8.316268	1300	1	1	1	1
AUUCAACUUGCAGCAAAAUA	8.316268	1300	1	1	1	1
AGGGACGACCCGAACGAGCA	8.316268	1300	1	1	1	1
AGUGACAGUGAACGUGACAA	8.316268	1300	1	1	1	1
CUAGAAGUAUAGCUAUCCCU	8.316268	1300	1	1	1	1
AGAGAUAUACGUUUAUGUGG	8.316268	1300	1	1	1	1
UCUCCGCUUUCACAGCUCCU	8.316268	1300	1	1	1	1
AACAUAACGAAACCCAACUC	8.316268	1300	1	1	1	1
AAGUUGAAGCGCUUGCGUAU	8.316268	1300	1	1	1	1
UACUCAACUAGGUAUGUUUA	8.316268	1300	1	1	1	1
CACGCCACGAAACUGAAGUU	8.316268	1300	1	1	1	1
CCCACACUACAUUGAAGUAA	8.316268	1300	1	1	1	1
GGGAUGAAACGUCGACCGUG	8.316268	1300	1	1	1	1
CAUAGAAAACAUUAAAGCAC	8.316268	1300	1	1	1	1
GAUACAAUGAAAUACUUAGG	8.316268	1300	1	1	1	1
UUGACACAAAAUUAUGGAAC	8.316268	1300	1	1	1	1
AGGUUCUGCCUUAUAAGAAG	8.316268	1300	1	1	1	1
UGAUGAAAAAACUGAAAUCU	8.316268	1300	1	1	1	1
GAGACAUGAAUCCACAAGAA	7.296576	80	1	1	1	1
CCCGGAGAAAACAAGUAGAG	7.296576	80	1	1	1	1
GUCAAAGCCACGAAGAAGCG	7.296576	80	1	1	1	1
UAUGAGAUUUAGAAUAUGAG	7.296576	80	1	1	1	1
ACAGCGUGUUAAAAAUUAAA	7.296576	80	1	1	1	1
AAUCACACCCUCCAUGAGAU	7.296576	80	1	1	1	1
UUUGAUUCUGAUUAACCUUU	7.296576	80	1	1	1	1
UAAGAAUUUAAUUAGGCUAU	7.296576	80	1	1	1	1
AGAAAACAAAACUAGAACGC	7.296576	80	1	1	1	1
AUCAAAACCCCACAAGCUUC	7.296576	80	1	1	1	1
CCGAAUAAGAAUAAUGAAUA	7.296576	80	1	1	1	1
CGUGUUUUCUCUCGAAGCCU	7.296576	80	1	1	1	1
UCAUGAACAUUUACCAUAAG	7.296576	80	1	1	1	1
UCUCCCGUAACCGAAUGAAG	7.296576	80	1	1	1	1
UCCCGGAAUAAGGACACAAC	7.296576	80	1	1	1	1
UCCUGAACUACAAGGCGCCC	7.296576	80	1	1	1	1
GAAGUUACCUGAUCCUCUAA	7.296576	80	1	1	1	1
AAUAGGUACGAAGAAAAGUA	7.296576	80	1	1	1	1
UACAUUCAUUUAGAACAGAA	7.296576	80	1	1	1	1
UAAUCAUACGAACAAUAAUU	7.296576	80	1	1	1	1
ACGAUUUCCUCUGCGCGCGU	7.296576	80	1	1	1	1
GCUUUUAAUUGAAGUCCCGA	7.296576	80	1	1	1	1
ACAAAUGAGCGAAGCAAUCA	7.296576	80	1	1	1	1
CGUUGUUCUAGAUGAAGAGU	7.296576	80	1	1	1	1
UGGUCGGAGUAUGAUUCAAU	7.296576	80	1	1	1	1
UCGCUAUCUACAAGUCGCAG	7.296576	80	1	1	1	1
AGUGAGGCAAAAGGAAAAGU	7.296576	80	1	1	1	1
ACAUAUCAUUAGCGCGAAUU	7.296576	80	1	1	1	1
AGCGUAGACACCAUACGAAC	7.296576	80	1	1	1	1
CCGAAGAAGUUGAACGAAUU	7.296576	80	1	1	1	1
GGGAAUGGCAAUCUUAUAAC	7.296576	80	1	1	1	1
GUUACUACUCCACUUACACC	7.296576	80	1	1	1	1
GAUAGUUCGGUAACGAUUAG	7.296576	80	1	1	1	1
GUUGCAGCUAACAAUCUCGA	7.296576	80	1	1	1	1
UUUGAAUUUUGAUGCCCUUC	7.296576	80	1	1	1	1
GUUUGUCACAACUGCAAUUC	7.296576	80	1	1	1	1
UGAAGACUUAAAAAGAAGAA	7.296576	80	1	1	1	1
GCAAAGCGGUAAUAACCCAA	7.296576	80	1	1	1	1
UCGAAUAUACUACAAGCUAG	7.296576	80	1	1	1	1
UGCCAGUACCAUUUAACUAU	7.296576	80	1	1	1	1
CGUCUAUAGUGUAUACAUAG	7.296576	80	1	1	1	1
UAUCCUAAGCGACCGCUUUG	7.296576	80	1	1	1	1
ACAACAUAGAAAACACCGUC	7.296576	80	1	1	1	1
UUAUAGACUGGCAAGCGACG	7.296576	80	1	1	1	1
GCAUAAUUCCAAGUCUGGGA	7.296576	80	1	1	1	1
GUUCCAACAGCCAUCGAUGU	7.296576	80	1	1	1	1
GCCAAGGACGCUCACGAAAU	7.296576	80	1	1	1	1
UAGAAUUAAUGAGCCCUACA	7.296576	80	1	1	1	1
GAUAAGAACAAAUACAGGAC	7.296576	80	1	1	1	1
AAGAACCCAACUGAUCGGUC	7.296576	80	1	1	1	1
GAUCCUUUUCCGCUUGCGAA	7.296576	80	1	1	1	1
AAAUAAAUGGACCAGAAACC	7.296576	80	1	1	1	1
ACGGCCUCGCUAUGGGGCCA	7.296576	80	1	1	1	1
UACGUCUACUAAGACUAUAG	7.296576	80	1	1	1	1
UAAAGAAAAAACUAUGCAAA	7.296576	80	1	1	1	1
AAUGAGGUCGGUUAACACUA	7.296576	80	1	1	1	1
UUACCCAACUGGAAGAAACG	7.296576	80	1	1	1	1
AAACGUUUGGCGGCACUUAA	7.296576	80	1	1	1	1
CCAUACCCGCCCGUGUUGUG	7.296576	80	1	1	1	1
GCGAAACUAAUGACAAUUAC	7.296576	80	1	1	1	1
UUGCUCGUACCAGCGACGCU	7.296576	80	1	1	1	1
GAAAACCUGAGACACUUACU	7.296576	80	1	1	1	1
AAAGGUCAACAGGAAUACAU	7.296576	80	1	1	1	1
AAAAUUAUAGAGGAAUGAUU	7.296576	80	1	1	1	1
GCUAAUAGAAGACAUGACCU	7.296576	80	1	1	1	1
AUAGAGAUACAUUAGCUAUU	7.296576	80	1	1	1	1
UGAAAUGUCGGCCAUAUAUA	7.296576	80	1	1	1	1
AGGUACAACUAACGGCGUUG	7.296576	80	1	1	1	1
CAGGGAAGACACCUUAUAUU	7.296576	80	1	1	1	1
GAUAUGGCUCUGGACCCCUU	7.296576	80	1	1	1	1
CACGCUAUAUAUGUCGUUAU	7.296576	80	1	1	1	1
AAGAGAACUAUAACAGAUGA	7.296576	80	1	1	1	1
GCGCAAUAAACCUACACUGC	7.296576	80	1	1	1	1
AUGGCAAACCUAAAUUCGAG	7.296576	80	1	1	1	1
ACUGCUGUGUCAAAUUAUUA	7.296576	80	1	1	1	1
GAAUAACGGUCUGGGCCAGA	7.296576	80	1	1	1	1
CAUGGACAGCUAUGCAUUGU	7.296576	80	1	1	1	1
UGGGAUCGUCCUACAUCAAU	7.296576	80	1	1	1	1
AAAACGGGAAGUCUUACACC	7.296576	80	1	1	1	1
GGUGACUCGAUCUUCAGUGU	7.296576	80	1	1	1	1
UCGGAGAAAAUAGCGGAGGA	7.296576	80	1	1	1	1
CAUACCCGAUUACACUCAUU	7.296576	80	1	1	1	1
CGCAUUGAGAAAGAAGACAA	7.296576	80	1	1	1	1
ACGUGACUGUACAUUUAGAA	7.296576	80	1	1	1	1
GAGAGUAGGAAAUACGUGCU	7.296576	80	1	1	1	1
AGAUGUAUUCCAAACUAAGG	7.296576	80	1	1	1	1
AAGUGCAACGUCUAUACAUU	7.296576	80	1	1	1	1
UCUCUACCGGUGAGCAAAUU	7.296576	80	1	1	1	1
GACUCCCCCCCCUUAAAGUA	7.296576	80	1	1	1	1
UAAUGGACUAUAUGAUGCUC	7.296576	80	1	1	1	1
GAUAGAAGAUAUAAAAGUGC	7.296576	80	1	1	1	1
UGAAUGCUAUGCUGAUCCUA	7.296576	80	1	1	1	1
UGACGGAAAACUGAUUCACA	7.296576	80	1	1	1	1
ACGCCCCAAAGAACCUUACU	7.296576	80	1	1	1	1
CUCGAACGUGACUCAUGGUA	7.296576	80	1	1	1	1
GGAGCUACUAGUGAGGCCCA	7.296576	80	1	1	1	1
AAAGGAACAUAUCGUGGCCA	7.296576	80	1	1	1	1
UGUUAAGCAAGUGAAUCUUC	7.296576	80	1	1	1	1
UGUUUAAGUAUUUAAGGCAU	7.296576	80	1	1	1	1
AUUCCUCCAACACUAGAGAC	7.296576	80	1	1	1	1
CGAAUUUGGCACUGAUUAGU	7.296576	80	1	1	1	1
CCAUCGGCAUUAGUUCAGAG	7.296576	80	1	1	1	1
CCAGACGAACAGUAAGCCUG	7.296576	80	1	1	1	1
GAUCAGACUAAGAAUGUCGA	7.296576	80	1	1	1	1
CACAAGCGCUCGAAAGAAGA	7.296576	80	1	1	1	1
AUAACAAAAUUUAUCCUUGA	7.296576	80	1	1	1	1
ACUAAGUGAAGGCUUGAUAC	7.296576	80	1	1	1	1
UCAUCUGAACUGUGUGCCUA	7.296576	80	1	1	1	1
AGGACCAACUUGAAAUGAAC	7.296576	80	1	1	1	1
CUCGCAUACACAGUGAAAAA	7.296576	80	1	1	1	1
UCGGGGAAGGGAAGAAUGUU	7.296576	80	1	1	1	1
CUUUGAAAAUACUACAAGGC	7.296576	80	1	1	1	1
GAUUAAGAGCAUGAGUCUAA	7.296576	80	1	1	1	1
AAAAUGAACAAGGCUUUCCC	7.296576	80	1	1	1	1
UAAAUAAAAUGAAUGGUUCC	7.296576	80	1	1	1	1
GAAGAGUAUACAAAGUGAUG	7.296576	80	1	1	1	1
GUACUAAGCUGGUUACGAAU	7.296576	80	1	1	1	1
CUUAGAACCGACUUACACUA	7.296576	80	1	1	1	1
CACGAAAAACACAGUGCUAU	7.296576	80	1	1	1	1
ACACUUACUGCGAAAAUGAA	7.296576	80	1	1	1	1
UGCUAUACCAAGAAGUAAUU	7.296576	80	1	1	1	1
UGACCAUUCCCCCCGUCCUC	7.296576	80	1	1	1	1
UCAAUACUUUACCUACAACG	7.296576	80	1	1	1	1
GAUUGCGCUUCACAAAUCGU	7.296576	80	1	1	1	1
GAAAAUCUUUUUGCCACCUA	7.296576	80	1	1	1	1
CUCAUAGUACAGUUACGGUC	7.296576	80	1	1	1	1
GCAUACGUAGCCCGAAUUAU	7.296576	80	1	1	1	1
AGGAAUAGUUGUCCAUCACA	7.296576	80	1	1	1	1
GAUGAACCCGGACUAUUAAC	7.296576	80	1	1	1	1
GUCAAGUGGCAUAACAUAAU	7.296576	80	1	1	1	1
GAUCCCGAAAUGCGUGAUCU	7.296576	80	1	1	1	1
CUGAACCACGCUGCGUGAGC	7.296576	80	1	1	1	1
GCUGUUUACCGCCAUAGAAG	7.296576	80	1	1	1	1
AUACAAAUAAUAAGCAGUCC	7.296576	80	1	1	1	1
UAAAGAACAUAAACGGGCAG	7.296576	80	1	1	1	1
UUAUGCAAUACAGUAGGGGA	7.286532	20	1	1	1	1
GUCACUACCCUUAUUACAAU	7.286532	20	1	1	1	1
GAUUCCAGCCAAGAACACAC	7.286532	20	1	1	1	1
AACCAUACCUGGGUUAAUAU	7.286532	20	1	1	1	1
GUAUUGUAAUACCAGCUAUA	7.286532	20	1	1	1	1
AACAAAGAGAACCAUGCGAC	7.286532	20	1	1	1	1
UUAUUGGACUGGUGGAAGAU	7.286532	20	1	1	1	1
CAACGUACCCGGGUUCCAAU	7.286532	20	1	1	1	1
AAUAUUAGGACAAACAAACA	7.286532	20	1	1	1	1
AGUCAAAGAAUCACUGCUAG	7.286532	20	1	1	1	1
AUGGCGCCAAUUGCCGUUAA	7.286532	20	1	1	1	1
ACACCCACUCGAAAAGCUAA	7.286532	20	1	1	1	1
AGAUAGUGUGAAUAUGAAUU	7.286532	20	1	1	1	1
AAUGAUGCGGUGAAUAUGUA	7.286532	20	1	1	1	1
UUAAACCUGAGUAUUUCACC	7.286532	20	1	1	1	1
CGAACUAGAAACUGCAGCGA	7.286532	20	1	1	1	1
AACCAUAGCGAUGAAUCAAU	7.286532	20	1	1	1	1
AGGUGACUACAACUAGAGCA	7.286532	20	1	1	1	1
AGUACUGCUACAUGAGAUAG	6.618108	5	1	1	1	1
UCUAAAAAGACUAGUCUCCC	6.618108	5	1	1	1	1
UUAUUGACGAAUCCGUUACA	6.474051	320	1	1	1	1
GAAUGAAGUAUUAAUGCAUA	6.474051	320	1	1	1	1
AAAUUGGAAGUCGCUGCCUG	6.474051	320	1	1	1	1
AGAUCAGAAAACAUUCUAGG	6.474051	320	1	1	1	1
CGCAGUCUAAACGGGAACAA	6.474051	320	1	1	1	1
AAAGCAAUAUACUGAUUGAA	6.474051	320	1	1	1	1
AAAGGAAGAAACUUGCUAUC	6.245599	20	1	1	1	1
UUGUAAAGAGAAGCUACAUA	6.245599	20	1	1	1	1
UAGAAGGUCUGUGGGGAAGA	6.245599	20	1	1	1	1
GAUAUCGUUAGACUAAAACU	6.245599	20	1	1	1	1
UAAGAAGUACAGAUUGACUC	6.245599	20	1	1	1	1
CUUGCAUUCCAAAAUGGGCG	6.245599	20	1	1	1	1
AUCCCUAUCAGAAACACCGU	6.245599	20	1	1	1	1
CCCUUGAACUUAUCAGGAAU	6.245599	20	1	1	1	1
UGUCACUAUCUACCAUUACA	6.245599	20	1	1	1	1
UAGUAACAGCUCCUGAAGGA	6.245599	20	1	1	1	1
ACUGGUGCCAUCCGAUUUGC	6.245599	20	1	1	1	1
AAAUGAACUAGAACAAGAAU	6.245599	20	1	1	1	1
CCACCCAGAAAAAACUUCCA	6.245599	20	1	1	1	1
GCUCUUCGUUAGACUUACAG	6.245599	20	1	1	1	1
AGAACAUGCAGUUGGGUCUU	6.245599	20	1	1	1	1
CUUUGACGUAUUACCUCUUU	6.245599	20	1	1	1	1
UACCACUUUAUCCACCGAUA	6.245599	20	1	1	1	1
UAGACUAGCCGAAGAGAGCC	6.245599	20	1	1	1	1
GAAGAUUAUAUACCGGCAAA	6.245599	20	1	1	1	1
AGAGAUUGUUCGAACAUGGA	6.245599	20	1	1	1	1
ACAGUUAGCGGCUCAAAACA	6.245599	20	1	1	1	1
GAAUAACGAAGAACAACCUA	6.245599	20	1	1	1	1
UUCAGGUUGGUCUAGACAGU	6.245599	20	1	1	1	1
CGCCAAGAUGUUACUGAAGU	6.245599	20	1	1	1	1
CAAUAGCCUACAAGACCUAC	6.245599	20	1	1	1	1
UUGAAGCACUAAACGAAUGU	6.245599	20	1	1	1	1
CCAACUGUUAUAAUAAAGGA	6.245599	20	1	1	1	1
GGAUAUAAUUAACGCAAUAU	6.245599	20	1	1	1	1
AAUACAAAAAUCGAAUGAUC	6.245599	20	1	1	1	1
GUCUUACAUUUGAUUGGCUU	6.245599	20	1	1	1	1
CAAAUAGAACCACAAAGAAA	6.245599	20	1	1	1	1
GACCUCUACAGUGCUCCUCA	6.245599	20	1	1	1	1
UAAGAAGAAUAGAAACCAAA	6.245599	20	1	1	1	1
UUAUUCCCUAGCCGUAGCCA	6.245599	20	1	1	1	1
UCGUCCCCGAAGAAAUAAAG	6.245599	20	1	1	1	1
GAAGGCUUAAGGUCGAGCAU	6.245599	20	1	1	1	1
CUUCUGAGAAGUUAUGAAAC	6.245599	20	1	1	1	1
CACAAUUUGCAGAAUGAAGA	6.245599	20	1	1	1	1
CGAAUACUGAGUAUGACUCC	6.245599	20	1	1	1	1
AAAGGGUAUGAAGAAAACGU	6.245599	20	1	1	1	1
ACUAGAAACUCUGUGGGACU	6.245599	20	1	1	1	1
CCACUUGGCCUCCUGGCUGA	6.245599	20	1	1	1	1
UGAUAAUGAAUACGAGGGUG	6.245599	20	1	1	1	1
UACAUAGUUAGAACAUGAUG	6.245599	20	1	1	1	1
UUAAUAUAAAAUGCCCUCCC	6.245599	20	1	1	1	1
AGACACAAAUUAACAAGAAA	6.245599	20	1	1	1	1
GUUAAACAUAGACCGAGGCA	6.245599	20	1	1	1	1
AGGAAAUACUUCGUGUAUCG	6.245599	20	1	1	1	1
GAUAAACGAAAUGGUGCACC	6.245599	20	1	1	1	1
GUUAAGCUAGAAAUAAUUAC	6.245599	20	1	1	1	1
AGAGGUUUAAGAGAUCCGUA	6.245599	20	1	1	1	1
GAAGCAACUAUGAAUAUGUA	6.245599	20	1	1	1	1
CCAACUGUAUAACGGUAGAA	6.245599	20	1	1	1	1
ACUACCUACAUAAAUUUGAC	6.245599	20	1	1	1	1
UUGACCCGUUUUUCGUGAAG	6.245599	20	1	1	1	1
AUGAAAGCAACUAACAGAUC	6.245599	20	1	1	1	1
GCUUAGCGAGCAUAAACAUA	6.245599	20	1	1	1	1
GUUCGAAACAACACAGUUCU	6.245599	20	1	1	1	1
CCAAACCUCAUUGAAAACUU	6.245599	20	1	1	1	1
CAGACUGCCGGGAUCAUUAU	6.245599	20	1	1	1	1
AUUGUAUAGGAAGUGCACAA	6.245599	20	1	1	1	1
AUUUAUUCAAUAAUGAACCU	6.245599	20	1	1	1	1
AGAUCACAUGGUCUUUUCUU	6.245599	20	1	1	1	1
UCAUCAAUGCCCACAUCAUA	6.245599	20	1	1	1	1
AUGUUACCAGUACCUAAAGG	6.245599	20	1	1	1	1
UAUUGACUUAUGAACAAAGG	6.245599	20	1	1	1	1
CAAAAAGAACUUAUGUUAGG	6.245599	20	1	1	1	1
AAUCGGUUGUGGCCCGAAAU	6.245599	20	1	1	1	1
GCCGGAAAUAGACUUGCGGG	6.245599	20	1	1	1	1
CAUAUAACUAGUGAACGGAA	6.245599	20	1	1	1	1
CCAUGAAUACUACCAACAAG	6.245599	20	1	1	1	1
CCGGCAAUGUCAACUCAGAA	6.245599	20	1	1	1	1
AACCAGAAAACUAAACAGAU	6.245599	20	1	1	1	1
CUCUGAUUCCGAUGAACGAG	6.245599	20	1	1	1	1
GAAGGCUUUAAGUACCCAAU	6.245599	20	1	1	1	1
CACUAGGACUCGCUUAUGAC	6.245599	20	1	1	1	1
CGAAUAGAAUGCAUGUCCCC	6.245599	20	1	1	1	1
CAGUAGCUCUGUCGUCUACG	6.245599	20	1	1	1	1
AGUUCUCAACUGAAACCAAA	6.245599	20	1	1	1	1
AGUGGACAAUAAGUGACAUG	6.245599	20	1	1	1	1
AAAAUGCCUAAUAAAACCAU	6.245599	20	1	1	1	1
CACCCGUUUAACCCUGCAUA	6.245599	20	1	1	1	1
UCGUUGCAGGCCUUUUCAGG	6.245599	20	1	1	1	1
UAAUAUAACGAAAAACGCGG	6.245599	20	1	1	1	1
CCCGCAAGUAUUUGGAGCAG	6.245599	20	1	1	1	1
UAGCUCCUACGUCACCACGU	6.245599	20	1	1	1	1
CCAGUUAAUCGUCAGGAUUA	6.245599	20	1	1	1	1
ACUCUUACUAUAUCACCUAA	6.245599	20	1	1	1	1
CCUGUAUCGAUGCAUGUGUC	6.245599	20	1	1	1	1
AUUAAAUCUCAGACCUGACA	6.245599	20	1	1	1	1
CCAUUGACAACCCAUUACCU	6.245599	20	1	1	1	1
UAAACGGCCAUACUUAAUAC	6.245599	20	1	1	1	1
AAUCUCAGAUGAAUUUUUGC	6.245599	20	1	1	1	1
UGACUUAGGUAUCAAAACGU	6.245599	20	1	1	1	1
GCAAGAAGGUGAAGAAAGCA	6.245599	20	1	1	1	1
ACGUUAUUUUUGCAAGUUUA	6.245599	20	1	1	1	1
UUAGCUUCACUCUAGAGCUG	6.245599	20	1	1	1	1
GCUAGCAGGAAAUGAUUGAA	6.245599	20	1	1	1	1
CCGUAGAAUAACAAGGCUCG	6.245599	20	1	1	1	1
CUAAAGUCCUUGAAAUCGUU	6.245599	20	1	1	1	1
UUGAUAAACGAUAACAUAAU	6.245599	20	1	1	1	1
UAUUCCGUGACUCUAGAAGA	6.245599	20	1	1	1	1
GUUUGGGAUCAAGAUGUUCC	6.245599	20	1	1	1	1
UAGAAGAAUAUAUUAAAAAU	6.245599	20	1	1	1	1
CGAAAAUUAACUACACCGCU	6.245599	20	1	1	1	1
ACUCCUGUUCCACCCGCUAG	6.245599	20	1	1	1	1
AAUUGAAGAUAUGUUAGGCA	6.245599	20	1	1	1	1
GAUGCUGACUUUUAAUGAAC	6.245599	20	1	1	1	1
AUACAAUGCGUCCCUUUAGC	6.245599	20	1	1	1	1
UAACUCUCCACCAGAAGACU	6.245599	20	1	1	1	1
AUCAACCUCGCAAAAAACGA	6.245599	20	1	1	1	1
UACACCAGGCAGACGUACAU	6.245599	20	1	1	1	1
UAAUUCUCCUAAAGAGCUAA	6.245599	20	1	1	1	1
GCUACUUUGCUGAAAAUACG	6.245599	20	1	1	1	1
AUUAUGAUCCCUCGAGGCAC	6.245599	20	1	1	1	1
CAACUAGGAUUGCCUUGUGC	6.245599	20	1	1	1	1
GUAUUGCGAAAUUGCUAUGC	6.245599	20	1	1	1	1
CGACUCGCACAUCGUGAUCC	6.245599	20	1	1	1	1
ACUAAGACGAAACUACAAGA	6.245599	20	1	1	1	1
UAGAAACCCGAAUAGCUAUC	6.245599	20	1	1	1	1
GGAUCCCCCUAGUGCUAUUA	6.245599	20	1	1	1	1
AAGGACCGAAAUGAAGAAAA	6.245599	20	1	1	1	1
GUGUGAAUAUUUCAUGUUCA	6.245599	20	1	1	1	1
UUAUACUAGUAAUCUAUAAA	6.245599	20	1	1	1	1
CAGAAUGCUAUAUCUCGGGG	6.245599	20	1	1	1	1
UCCGGGAGGAGGAAAGAGUA	6.245599	20	1	1	1	1
CGAGAAAAUUGCCAGCCGCG	6.245599	20	1	1	1	1
ACAGGAUAGUCUAAGCACGA	6.245599	20	1	1	1	1
ACUCAUCCUAGAUAUGUGCA	6.245599	20	1	1	1	1
UUCAAAGAUCACGCAUGGAC	6.245599	20	1	1	1	1
AAAGACUAGAUUAAUUUGCC	6.245599	20	1	1	1	1
AUUACAUGAUAGCUUGUUUG	6.245599	20	1	1	1	1
GUCAAUAUAUCAGUGAACAG	6.245599	20	1	1	1	1
GAAAGUGUUGCAACCUCCAU	6.245599	20	1	1	1	1
AUCAUAGGACUCGAUGCAAC	6.237201	1300	1	1	1	1
AAGUUAUAGUGGUAAUCCCA	6.237201	1300	1	1	1	1
CCUAUUCUAAAUCCUAACUA	6.237201	1300	1	1	1	1
CUAGCUCGCAAACCCUACGU	6.237201	1300	1	1	1	1
AGAACGUAAAAUGAAAUUAC	6.237201	1300	1	1	1	1
GCUAAGAAUAUAAUAUGACA	6.237201	1300	1	1	1	1
AAGCUCAGGGGGAACGGACA	6.237201	1300	1	1	1	1
CGAGCCGUAAAACGAGCUAA	6.237201	1300	1	1	1	1
CAGGAACUUAACAAGACAAU	6.237201	1300	1	1	1	1
GGCUCCCGGAAAUAAGCAAA	6.237201	1300	1	1	1	1
CGCGGCUCCCACCUAACCGU	6.237201	1300	1	1	1	1
CAUUAAACCCGCAACACCGC	6.237201	1300	1	1	1	1
GAGGAGGAGGACUCCUGAAU	6.237201	1300	1	1	1	1
AUGCUUUUCGUGAAUAAAAA	6.237201	1300	1	1	1	1
AUGAAUGUGUGCGCCCGGUA	6.237201	1300	1	1	1	1
AAAUUUUCCCUACCUCCCAG	6.237201	1300	1	1	1	1
UAGGUAUUACAAUCACCCGU	6.237201	1300	1	1	1	1
UUCAACACCUCUUAGCAAUC	6.237201	1300	1	1	1	1
AAAAAUUUUAUCACCCAGAA	6.237201	1300	1	1	1	1
GAGUCUGUGGCCUGAACCAC	6.237201	1300	1	1	1	1
GAUGAACAGAAAAACGCUAU	6.237201	1300	1	1	1	1
GAACACAGAUCUACGAUAUG	6.237201	1300	1	1	1	1
CCGCAAAACUUGCCCCAUUA	6.237201	1300	1	1	1	1
GUAUGGCGAAAAUAGAUAGA	6.237201	1300	1	1	1	1
AGUAAGGUACACUGCAAGAA	6.237201	1300	1	1	1	1
GCUAUACUUCUAGUGAAGCA	6.237201	1300	1	1	1	1
CGAAAACAUCAUCCGAUCAA	6.237201	1300	1	1	1	1
UACUCCUCAAGCCCCUCGAU	6.237201	1300	1	1	1	1
CGGCAGAAGCCGAUAUUUGG	6.237201	1300	1	1	1	1
GCUUCUCAAUCAAUCCUGAA	6.237201	1300	1	1	1	1
CUUGGGUUUGCCCAGUCUCU	6.237201	1300	1	1	1	1
ACAACGCUAUCAAUUUCCUU	6.237201	1300	1	1	1	1
ACUGCUCGUGAAACGAAUAA	6.237201	1300	1	1	1	1
GAUAAUUAAACUUAAAGCAA	6.237201	1300	1	1	1	1
AAACGUCAAGCCCCUGAGAG	6.237201	1300	1	1	1	1
AUUCUUAUCUGACAAAUAAA	6.237201	1300	1	1	1	1
UUAUUCCCUAUGAAUGUUCC	6.237201	1300	1	1	1	1
UUGCACACGGUAAGAAUGCG	6.237201	1300	1	1	1	1
UUUUUAAUAUUACAGAAUCU	6.237201	1300	1	1	1	1
CAAGAACCAAGUAAUAGACA	6.237201	1300	1	1	1	1
GUGAAAAAGUUACCAGAUAC	6.237201	1300	1	1	1	1
AUCUAGAAGCUCAUGAAAAG	6.237201	1300	1	1	1	1
AGUAUUUAGUCAAGAAUUCC	6.237201	1300	1	1	1	1
UCGCAACUCGGUCUUCUUCC	6.237201	1300	1	1	1	1
GGUGAUUUCCAGGGUAAACA	6.237201	1300	1	1	1	1
GCUGUUUAACCUAGUCGUUU	6.237201	1300	1	1	1	1
GAUGAACAUCUACAGUUUAG	6.237201	1300	1	1	1	1
GCGAAUAUUUGCAAUUGUAA	6.237201	1300	1	1	1	1
AUUAUCCCGCCACCCCAGCG	6.237201	1300	1	1	1	1
AGUCUGUAUGAAUUCGAAAA	6.237201	1300	1	1	1	1
AUAAUACGCUGAGAGAAAAC	6.237201	1300	1	1	1	1
UAGGUUUUCUGCACUGUCUG	6.237201	1300	1	1	1	1
GACGCCCUCCCUCAAAAUUA	6.237201	1300	1	1	1	1
UGUCAGUUAGCAUCAAAGAU	6.237201	1300	1	1	1	1
CAGAUCCCACAAGAGUCAGU	6.237201	1300	1	1	1	1
GACAUUUAUGACCAACUUCU	6.237201	1300	1	1	1	1
CAAACAACGAUUACGAGGGC	6.237201	1300	1	1	1	1
UACGCGGUUGCCUAGCGGAC	6.237201	1300	1	1	1	1
UUAUUGAUAGCUGACUUGAG	6.237201	1300	1	1	1	1
CUCUGUAAAGCAGUAGAGUG	6.237201	1300	1	1	1	1
AAGAUAUACUCUCAUAAACG	6.237201	1300	1	1	1	1
AUAGGACAUAUCAUCUAGCC	6.237201	1300	1	1	1	1
AGCUAAGAAAACAUCAGUUA	6.237201	1300	1	1	1	1
AUUAAACCAAAGUCUAUCAU	6.237201	1300	1	1	1	1
GGGUUUUAUGCCAAUCACUC	6.237201	1300	1	1	1	1
UCUAAUUACGAAUAUAAGUU	6.237201	1300	1	1	1	1
AUAGGAUCCCAAGUCUUCGA	6.237201	1300	1	1	1	1
GCUCAAUUAGGCCGAGCUCC	6.237201	1300	1	1	1	1
CGACCGCUAACAACAGAACA	6.237201	1300	1	1	1	1
GAAAAUCUUUACUUAGUUUC	6.237201	1300	1	1	1	1
UCAGAAGGUGGUCGGCUUCC	6.237201	1300	1	1	1	1
GUAUACGCCCACUUUCUAGU	6.237201	1300	1	1	1	1
CAGUUCGUCCUUGCAACCUA	6.237201	1300	1	1	1	1
GAUGAAAAUCCAUGAAGGGA	6.237201	1300	1	1	1	1
UAGUGCCAUGUGUACCUACC	6.237201	1300	1	1	1	1
UCAAUCCAUAAAAUGAUGUU	6.237201	1300	1	1	1	1
AGAAGCUCAUUUAUUUUAUA	6.237201	1300	1	1	1	1
AUCUGUUGCAGUGAUUACCA	6.237201	1300	1	1	1	1
AGUACCAGUGUUACAAAAGA	6.237201	1300	1	1	1	1
CCUCCAGGAAUCUACCGUGC	6.237201	1300	1	1	1	1
AGAUAAAACUCAAGUAAUCC	6.237201	1300	1	1	1	1
CUCCGAAGAACGAAAUUAUG	6.237201	1300	1	1	1	1
GUACGCCUGAAACCAACUGU	6.237201	1300	1	1	1	1
UCCGUGAAGUUGUGCUCGAG	6.237201	1300	1	1	1	1
CUGAGGUACACGCAGAAUAA	6.237201	1300	1	1	1	1
GACCCUGUGAACUUCUUACA	6.237201	1300	1	1	1	1
UGGAAGAGCCGGUCACCCCA	6.237201	1300	1	1	1	1
CAAGCCAGUGAAGACCCAUA	6.237201	1300	1	1	1	1
GAUCAACAAUAAUGGUGCCG	6.237201	1300	1	1	1	1
UUCUAACCUAAGAAUAUGCC	6.237201	1300	1	1	1	1
AGAAAAUAAGCACAUAAUCA	6.237201	1300	1	1	1	1
CUAGAAUGCUAAGACGAAAU	6.237201	1300	1	1	1	1
AGGCGCGUGCCCUGCCCGGA	6.237201	1300	1	1	1	1
AGACUUGCGCAGUAACGAAU	6.237201	1300	1	1	1	1
CAAAAGAAGAAUAAUAGACU	6.237201	1300	1	1	1	1
AUGUAAAGCUCAAGUCCCCC	6.237201	1300	1	1	1	1
CUGGAAAGCAGCAAGGUAUA	6.237201	1300	1	1	1	1
UAGGUACAAGCAAACGAUGA	6.237201	1300	1	1	1	1
AAGCCCACUCAUAACCACUU	6.237201	1300	1	1	1	1
CUGGUCCGUAUGGUUACGCC	6.237201	1300	1	1	1	1
GAGGCUGUGAGCAGCGAAUA	6.237201	1300	1	1	1	1
GCGAGACAAAGAAUUACCUC	6.237201	1300	1	1	1	1
ACGGGUUACGUUAGUGGUGA	6.237201	1300	1	1	1	1
CCCCGAAUUCAAACUAAGAC	6.237201	1300	1	1	1	1
GCCACUCACUCCACCAUCAA	6.237201	1300	1	1	1	1
ACCGAAUGAAAGGCGAAGGG	6.237201	1300	1	1	1	1
AUACAAGAUGAUCGCAGUAA	6.237201	1300	1	1	1	1
CAAGCCGUACAGACGUAACG	6.237201	1300	1	1	1	1
UCACGUUAGAAAUUGACAAU	6.237201	1300	1	1	1	1
UCAAGGUAAGACUGACAUAU	6.237201	1300	1	1	1	1
UCUAUUCGUCACCUAUGAAA	6.237201	1300	1	1	1	1
GCUCAUAACAUGAGGGGCUU	6.237201	1300	1	1	1	1
UAAAACUCCUUGUUAUAAUA	6.237201	1300	1	1	1	1
CUGACAAGAUAGACACUCUU	6.237201	1300	1	1	1	1
GGUGGAAAAAUAGAAUUCCC	6.237201	1300	1	1	1	1
AAGCUAUGUACAUCCAUCUC	6.237201	1300	1	1	1	1
AAACAUCGGUUCGAUAGCAC	6.237201	1300	1	1	1	1
UCCUCUACAAUAAGAAGUUC	6.237201	1300	1	1	1	1
GCGGCUACUGGGGACCCGGU	6.237201	1300	1	1	1	1
UUGAUGACACUAUAAUGGUU	6.237201	1300	1	1	1	1
AUUUCUUUACUUAAUUCUCU	6.237201	1300	1	1	1	1
GCCGAACAUCCGCGCGUAUA	6.237201	1300	1	1	1	1
UGAACCGCUUUCAAAUGGUA	6.237201	1300	1	1	1	1
AUAAGAUAGAAUCAUUCGAC	6.237201	1300	1	1	1	1
AGAAUCUGAGCUCCAGACUC	6.237201	1300	1	1	1	1
GAAUGCAAUAUUAAUAUGCU	6.237201	1300	1	1	1	1
CCCGACAAGAAUCCGUAGUU	6.237201	1300	1	1	1	1
GAAGAAAUACGCGGUUAACA	6.237201	1300	1	1	1	1
AUGAAUGUGUCUGUAUAGAC	6.237201	1300	1	1	1	1
GAACGGUAGGGAGCAUUUCC	6.237201	1300	1	1	1	1
GGAAUUGAAACACUACGCCU	6.237201	1300	1	1	1	1
CUAAUACUAUAAAAAACGUC	6.237201	1300	1	1	1	1
AAAACCAGGCCACGAUCCAC	6.237201	1300	1	1	1	1
CUAGUGUUCAUUGGUCGAAA	6.237201	1300	1	1	1	1
ACGAACACUCGACUUUGAUU	6.237201	1300	1	1	1	1
ACGAAAAUUGAAAAAUGUAA	6.237201	1300	1	1	1	1
AAAUCAAAUCCUUCAUGAGU	6.237201	1300	1	1	1	1
GGGCCGUCCAGUAACAACAU	6.237201	1300	1	1	1	1
AAUGAAACCUUAAAAUUAGG	6.237201	1300	1	1	1	1
AAAGUUUGACUAGUGUUCGG	6.237201	1300	1	1	1	1
AAUGACUAUCAAGAGCUGCC	6.237201	1300	1	1	1	1
GUAAGGUAAGAUACCUUUCG	6.237201	1300	1	1	1	1
AGAACCUUGAAGAACCUCUA	6.237201	1300	1	1	1	1
GAAGUUCAUGCCUGCGUGAC	6.237201	1300	1	1	1	1
CUAAGUGUAAAUUGAGAGAA	6.237201	1300	1	1	1	1
GAAGUGGUAUGUGCGUGCCG	6.237201	1300	1	1	1	1
UUCCUAGAAUCGAGUAGAAA	6.237201	1300	1	1	1	1
AAAACGAAAAACAAUAUUGG	6.237201	1300	1	1	1	1
GUUCCGUAUCUCGCGGUAUG	6.237201	1300	1	1	1	1
CGUUGAAGAACUGCUGAACA	6.237201	1300	1	1	1	1
GCUAUCUGUGCGCUCUGAGC	6.237201	1300	1	1	1	1
AAUAUGAAAGCGACGAAGAG	6.237201	1300	1	1	1	1
UUCCCAUCACAAGUUAUAGC	6.237201	1300	1	1	1	1
UUCCUCCACGUUUCGAUUUU	6.237201	1300	1	1	1	1
UAGAUUGUGUAUCUCCUUAA	6.237201	1300	1	1	1	1
GAAUAAAUAAGCCUAGUUGU	6.237201	1300	1	1	1	1
GAAAUGAACCCAAUCGAAAA	6.237201	1300	1	1	1	1
UCGUAUUACGUAAGAAAGGU	6.237201	1300	1	1	1	1
GAUGAACAAUAGAGUAGAAC	6.237201	1300	1	1	1	1
CCUCUGAAACUUGCACACAC	6.237201	1300	1	1	1	1
CGAAAUACGCACCUACUCCG	6.237201	1300	1	1	1	1
AGCAACUACUUAAGUACACC	6.237201	1300	1	1	1	1
GGGGAAUGGAAGAAUGUAGA	6.237201	1300	1	1	1	1
AAAGGAAAAUGGACGUUAAA	6.237201	1300	1	1	1	1
AUAGCAGGUUCACGCUGUAA	6.237201	1300	1	1	1	1
AGCCAAAUGGGAGGAAUGAA	6.237201	1300	1	1	1	1
CUAAAACUCGCUUUGGCCCA	6.237201	1300	1	1	1	1
GUGCUGAACUCCCAUGAAUC	6.237201	1300	1	1	1	1
UUAACACCCCGUCAUUAAAU	6.237201	1300	1	1	1	1
GACUGAGUUCAAAGACACGG	6.237201	1300	1	1	1	1
AGGGCUACCAUUGGCCUUUG	6.237201	1300	1	1	1	1
CAAGAACUAGAAAAUAAUAG	6.237201	1300	1	1	1	1
CGAUCAGAGAAUGAAAAUGC	6.237201	1300	1	1	1	1
CGGAGGACUAGACUCUGAGA	6.237201	1300	1	1	1	1
AGCAAAACAGCCAUAUUUCC	6.237201	1300	1	1	1	1
GAUAGCCACGCUUUAUGCCA	6.237201	1300	1	1	1	1
GUCUACCCACCUAUCAUAAA	6.237201	1300	1	1	1	1
UAUCCUACUCCUCUAUACUA	6.237201	1300	1	1	1	1
CAAAGAAAUGCACUAACUAU	6.237201	1300	1	1	1	1
UAACAGCACUAUUAUAUUAU	6.237201	1300	1	1	1	1
AAGAAACCGGCAAUUACGAG	6.237201	1300	1	1	1	1
GGUGAACUUUGUUUUAUACA	6.237201	1300	1	1	1	1
CAAUAGCAUAACAAUUUUAC	6.237201	1300	1	1	1	1
UCCUGAUUAAACAUAAUUGU	6.237201	1300	1	1	1	1
UCCCGAAAGAUACACACGAU	6.237201	1300	1	1	1	1
CUUCUGAUAUAGAAACCUGA	6.237201	1300	1	1	1	1
UGGUUACUGAAUGCCGGGAG	6.237201	1300	1	1	1	1
UAAAUAUCCAGCGUGUACCG	6.237201	1300	1	1	1	1
CUUGAGUAUGACUGGGCCUC	6.237201	1300	1	1	1	1
ACAGAAGCUAAUGAUGCUAG	6.237201	1300	1	1	1	1
AAGGAAAGCUACACUGAUAC	6.237201	1300	1	1	1	1
AGAAGAAGUCUUGUAGCGAC	6.237201	1300	1	1	1	1
GACAUAAUCCUUCAAAAACC	6.237201	1300	1	1	1	1
ACUUGUAGUCAUGAACAAUA	6.237201	1300	1	1	1	1
GCCCCUUACUUCACUAAGCA	6.237201	1300	1	1	1	1
GAAAUAAUGCGUAGAAAGAA	6.237201	1300	1	1	1	1
GCAAACCAGACCUUUAAAAU	6.237201	1300	1	1	1	1
CACGACCGCGGAUUAUCGUA	6.237201	1300	1	1	1	1
AUCUGAAGUUCGAAAUAACU	6.237201	1300	1	1	1	1
UUAGCCAGAGCCUUUAGUGG	6.237201	1300	1	1	1	1
GGAUGGAACGAAUAAUAACC	6.237201	1300	1	1	1	1
AUGAGAAUCUAAACGAACCC	6.237201	1300	1	1	1	1
UCUUGAUUAAAUAUGCUAAU	6.237201	1300	1	1	1	1
AUUUUCCCCGGUAGAAUGAC	6.237201	1300	1	1	1	1
CCAAACGAAGCAAGUAGCUU	6.237201	1300	1	1	1	1
ACGAUUGUCCGAUAAAGUCA	6.237201	1300	1	1	1	1
ACAUUUAUCCCUAAUGAACA	6.237201	1300	1	1	1	1
ACGGUGAAGCAACCGAAGAA	6.237201	1300	1	1	1	1
CUAGUGAAAAUGAUCUUGAA	6.237201	1300	1	1	1	1
GAAUUUGCGCACGUGCAAUC	6.237201	1300	1	1	1	1
AGACCUUCUAGCAUGUAACA	6.237201	1300	1	1	1	1
CCUUUCUAUGCUAUAUUACU	6.237201	1300	1	1	1	1
AAGCGACAGAAGAAAUCGUU	6.237201	1300	1	1	1	1
ACGCACAAGGCCCACUCCGC	6.237201	1300	1	1	1	1
GAAGUCAUGAACCAUUGAUU	6.237201	1300	1	1	1	1
AUCGCGAAUCAUCGCCCGAC	6.237201	1300	1	1	1	1
GCAAUAGAAUGAUCAAUUCC	6.237201	1300	1	1	1	1
CUACAUCCCUAAAACCUGGC	6.237201	1300	1	1	1	1
AAGAUGGAAAGGACUCCCGA	6.237201	1300	1	1	1	1
UCGCGGCUUGCCCACUUAAG	6.237201	1300	1	1	1	1
GAAGGACUUCUAGUGCUAAA	6.237201	1300	1	1	1	1
ACAAUAGCGCCCAAACCUGU	6.237201	1300	1	1	1	1
CCAUGGUGAGCUAUGCGGUA	6.237201	1300	1	1	1	1
AAGCCGGAAUUAGUAUCGUU	6.237201	1300	1	1	1	1
CCGAACACCACAACGCCCCC	6.237201	1300	1	1	1	1
CUUAAAACCACUAUUCAGUC	6.237201	1300	1	1	1	1
CAGGAUAAUUGAAAUUACCU	6.237201	1300	1	1	1	1
UGCAUCCCCGUACGUACACC	6.237201	1300	1	1	1	1
UCCAAGAAUUUCGGUGAUUA	6.237201	1300	1	1	1	1
GAGUAAUUGGCACCAUGACA	6.237201	1300	1	1	1	1
CUUGAGCUUGAGCAUGAAGA	6.237201	1300	1	1	1	1
CGAAGAUCUUGAAUAACUAC	6.237201	1300	1	1	1	1
AUUUAAACUAAUUACACCCA	6.237201	1300	1	1	1	1
CAAUAGUAUUACCCCCGAAA	6.237201	1300	1	1	1	1
CUCUCGAGAUAAAACUUACG	6.237201	1300	1	1	1	1
AUUGCCUGUAUAUGCAGCCU	6.237201	1300	1	1	1	1
UUGUACGCCAAGCUAACCUC	6.237201	1300	1	1	1	1
AUUGUAUUACUGGCCCAUGA	6.237201	1300	1	1	1	1
AGGUCUACAGAACAGAAAAA	6.237201	1300	1	1	1	1
UAAAAAGAAUAGAUUAUUGC	6.237201	1300	1	1	1	1
AUGCCACGUUUGUAACGAGG	6.237201	1300	1	1	1	1
UAUCAAUAAACCACCAUGAA	6.237201	1300	1	1	1	1
ACAAUGACUGAACCUAAGAA	6.237201	1300	1	1	1	1
AAGCAAAAAAUUUCCAACAC	6.237201	1300	1	1	1	1
GUAAUCUGUAAUUCUACGUG	6.237201	1300	1	1	1	1
GAAACCUGCCCAGAAGAAAG	6.237201	1300	1	1	1	1
AAAACGGUAACACAUUAAUG	6.237201	1300	1	1	1	1
UAGGAAUCCUGCACGAAAUC	6.237201	1300	1	1	1	1
UCGAAAGGGCCAUUAGAGCC	6.237201	1300	1	1	1	1
GUAUUGAAAACGACGCUUAC	6.237201	1300	1	1	1	1
AACGUUUACCAGAGCUUUCA	6.237201	1300	1	1	1	1
AAGACCAUGCAUGCGAAGGU	6.237201	1300	1	1	1	1
AUAUUUUAACUGAUCAGCUC	6.237201	1300	1	1	1	1
CCUAUUUAGCCCGGACCAAG	6.237201	1300	1	1	1	1
GGGUAACGAGUUUUAGAAAG	6.237201	1300	1	1	1	1
GUCCAAGCGACUCCGAUAUA	6.237201	1300	1	1	1	1
GAGAAGCGCUGUAUCUCCUC	6.237201	1300	1	1	1	1
CGAAGUUGCUUAACCACCCA	6.237201	1300	1	1	1	1
GAGACGAAUAAGCUGCUGGG	6.237201	1300	1	1	1	1
GGAGCCAGCUAGACUCGAAG	6.237201	1300	1	1	1	1
AAGAAGUCAGAAAGGGUUUC	6.237201	1300	1	1	1	1
UUCACAUAUUAAACAACGUU	6.237201	1300	1	1	1	1
ACACCUCGCAAGCCCGACCG	6.237201	1300	1	1	1	1
AACUAACCAAAGAGCUCAUA	6.237201	1300	1	1	1	1
CUUCUGGCUAUCUAGAGAGG	6.237201	1300	1	1	1	1
AUGUUGUUCAAAUACAACAU	6.237201	1300	1	1	1	1
AUGCUCCCAUAACGAUAAUC	6.237201	1300	1	1	1	1
GUAAAAAACUCUCAUGAACA	6.237201	1300	1	1	1	1
CCUUUGUUACAGAAGAAGAA	6.237201	1300	1	1	1	1
ACCCCUAUACGACUACGCAC	6.237201	1300	1	1	1	1
AUGCACUAGGAAAAGAUCAC	6.237201	1300	1	1	1	1
UGGGUAAGAAUAGAAUUUUA	6.237201	1300	1	1	1	1
UUCGUUUCUUGUUGUAAUAC	6.237201	1300	1	1	1	1
AAACUAUGAAAUGUAUUUAC	6.237201	1300	1	1	1	1
AACGCCUGCAAGAUAGAAUC	6.237201	1300	1	1	1	1
UCCUAAAGCCGAACUAACCA	6.237201	1300	1	1	1	1
CUCAUUAUGAAGUAGAAGCA	6.237201	1300	1	1	1	1
UGAGCCAGGGUAAACAUUGA	6.237201	1300	1	1	1	1
CUACCGAAGUACAGAGAAGC	6.237201	1300	1	1	1	1
AACCCUUUCAAUUGCUACGU	6.237201	1300	1	1	1	1
UUGAGAGGUCGUUCAGCUUG	6.237201	1300	1	1	1	1
AUGGAAAAACUUGUGUAAUA	6.237201	1300	1	1	1	1
UAGUACAUGGCGGGAAUCUU	6.237201	1300	1	1	1	1
AAGCCAUUGAACAUUUACCC	6.237201	1300	1	1	1	1
UUGAAAAGAGGUGAUUUGGG	6.237201	1300	1	1	1	1
UUGAGAUGGCAUACUUACCU	6.237201	1300	1	1	1	1
CACAGUUUCGAGAUCUAUGA	6.237201	1300	1	1	1	1
ACACACUUGAAUAACAACGC	6.237201	1300	1	1	1	1
CUGGGUUUCGCGAUUUAAUC	6.237201	1300	1	1	1	1
CAUUGAGGCAGCCAAAACCC	6.237201	1300	1	1	1	1
CCUCUCGUAACUGUUCUGUC	6.237201	1300	1	1	1	1
ACCCAACCCCGUCAUCGAUU	6.237201	1300	1	1	1	1
GUCUCGGCCGACAUAUUUAA	6.237201	1300	1	1	1	1
CCCUAAAAAGAGGGACCGAA	6.237201	1300	1	1	1	1
AUUUACUCCUACGCAACAAU	6.237201	1300	1	1	1	1
AAUUCCCCACAAAGAAGAAA	6.237201	1300	1	1	1	1
UGAUUUGUGGUCUCACUUAC	6.237201	1300	1	1	1	1
AGAGAAUUUACGAAUAUCAC	6.237201	1300	1	1	1	1
GACCCAAAGUGCGCACAGAA	6.237201	1300	1	1	1	1
GAGGGACGAAGCGGGUUCCG	6.237201	1300	1	1	1	1
CUGUAGUGUAGUCACCUAUC	6.237201	1300	1	1	1	1
AAUCUAGUAUACUAAAUGAA	6.237201	1300	1	1	1	1
UUUUAACUCUAUAUAAUAGA	6.237201	1300	1	1	1	1
AUGCAAGAAACUGCUUCAUA	6.237201	1300	1	1	1	1
AAAACGUAGUAGAAAAAGAA	6.237201	1300	1	1	1	1
UGAGACGGAAUCAUGAUCAU	6.237201	1300	1	1	1	1
GGGUCUAUUGAGAAUGUAGC	6.237201	1300	1	1	1	1
UGAAAAUUUAAGCAACCAUC	6.237201	1300	1	1	1	1
AGAAUUCGACUAGCUCGAAG	6.237201	1300	1	1	1	1
GACGGUGAAGUCUGAGGUCG	6.237201	1300	1	1	1	1
AUUUAGGAACAAACAUCACU	6.237201	1300	1	1	1	1
ACAAAGAAGCAAGAUCUACA	6.237201	1300	1	1	1	1
GAUAGCAACGGAACAAGAUA	6.237201	1300	1	1	1	1
CCCAACGCAACAAUGAAUCU	6.237201	1300	1	1	1	1
ACGCUCAUUAAUGAAAAAUU	6.237201	1300	1	1	1	1
AAGAAUACCCUUUGACCCGG	6.237201	1300	1	1	1	1
CGAGCUAUCAUUUUUUGCAG	6.237201	1300	1	1	1	1
UGGCCACAGGGAAGAAAAAG	6.237201	1300	1	1	1	1
UGCUUCCUAGAUAUAGUGCU	6.237201	1300	1	1	1	1
CGGCGCCGUAAGUAUACACC	6.237201	1300	1	1	1	1
AAUAGAUGUUAUCCUCAAAA	6.237201	1300	1	1	1	1
UGGCGUCCGAAUGAACAGCC	6.237201	1300	1	1	1	1
CUACAGCCUUAGAAUGACCG	6.237201	1300	1	1	1	1
ACCAUACGUAGACGAAAAAC	6.237201	1300	1	1	1	1
AAACAGGGAACAGUAAAUUU	6.237201	1300	1	1	1	1
CUCCUACUACGGUGCAAUUA	6.237201	1300	1	1	1	1
CUCUAGCCGCAACCGGUGUA	6.237201	1300	1	1	1	1
GAAUAUUUCUACCCUUGACC	6.237201	1300	1	1	1	1
GUCUUCAAGACUACGGAACC	6.237201	1300	1	1	1	1
GUCUCGCUGAUGGAACCGAA	6.237201	1300	1	1	1	1
UGAGAACUGUACUGAAAACC	6.237201	1300	1	1	1	1
AAUAUUGUCGCCUCAUAACA	6.237201	1300	1	1	1	1
UUUACAGACGAGUAGUAUCC	6.237201	1300	1	1	1	1
AGUUAAAUAGCAGUGAAGUU	6.237201	1300	1	1	1	1
ACCCGAUGAUAGCUGCCACU	6.237201	1300	1	1	1	1
AGACGAUGAAACCCCUCGAA	6.237201	1300	1	1	1	1
CCAGUUAUAAGUAGCUUUUA	6.237201	1300	1	1	1	1
GUGCUCAAUUCAACAUGUUA	6.237201	1300	1	1	1	1
ACUAAGAGGGAUAGCUAGGU	6.237201	1300	1	1	1	1
UACGCUGCAAAUAAUGCGUU	6.237201	1300	1	1	1	1
CGGCUAAUUCGAAUCUGCUU	6.237201	1300	1	1	1	1
AUUGUGACGGCUCCUAAGAA	6.237201	1300	1	1	1	1
AUGGAAGUACCCCCCUAGUU	6.237201	1300	1	1	1	1
UCCGAAAGACAACCGACACA	6.237201	1300	1	1	1	1
AUUAACAGAGUUCCCCCUUA	6.237201	1300	1	1	1	1
ACUUUAUGAAGAUUACUCAU	6.237201	1300	1	1	1	1
ACACACCGAUUAUGAGAACC	6.237201	1300	1	1	1	1
AUCCUGCGCAGAAGGUAACA	6.237201	1300	1	1	1	1
CAACUUGUGAACUCGGUAUA	6.237201	1300	1	1	1	1
GACUAAAUCCUAUUCGAAAA	6.237201	1300	1	1	1	1
AACCAAUAACUUCCCCACAG	6.237201	1300	1	1	1	1
GAAAACGCCCGCCCUUCUAU	6.237201	1300	1	1	1	1
CUCACAGAAACAUACGAGAG	6.237201	1300	1	1	1	1
CCGGCCAUUAGUGCGAGUAA	6.237201	1300	1	1	1	1
UGUUAAUAGGUACUCCUGGG	6.237201	1300	1	1	1	1
CAAAAGCUGUCACAAAUGCC	6.237201	1300	1	1	1	1
AAAGAAAACCUAAUCUCCUU	6.237201	1300	1	1	1	1
AAUUUUCCCCCGUAUUAUGU	6.237201	1300	1	1	1	1
GUAUCGCUCGGAUCUACUGG	6.237201	1300	1	1	1	1
GCAGUCUACGAACUUCCGAA	6.237201	1300	1	1	1	1
CCGAAGUUCCGUGGAGGUAC	6.237201	1300	1	1	1	1
ACUGCGCACCUCUUCAAUAA	6.237201	1300	1	1	1	1
CCCCCCAAUAUAUACGAAAC	6.237201	1300	1	1	1	1
UGAAAAGUAACAUAACUCGA	6.237201	1300	1	1	1	1
CAAGAUAUCCUGUCUGUAGA	6.237201	1300	1	1	1	1
UUCAAAUACAUGCAACUGAC	6.237201	1300	1	1	1	1
GAUACGCCAGCCAUUCAGAA	6.237201	1300	1	1	1	1
CAAUACAUGAGAUCAUUGUC	6.237201	1300	1	1	1	1
UGCUUAAUGAAAGAAUACGG	6.237201	1300	1	1	1	1
ACGCUCCGAAGACCAACUGA	6.237201	1300	1	1	1	1
UUCUCCCGGCGUAAACAUAU	6.237201	1300	1	1	1	1
UGUGAGAAAACGGGGAAAUU	6.237201	1300	1	1	1	1
CUACGAUUGAAGAAAUUACC	6.237201	1300	1	1	1	1
GCUGACCAUGAACCAAACAC	6.237201	1300	1	1	1	1
UCGGCCUCUAAACACAAAUU	6.237201	1300	1	1	1	1
ACCUCUAGAUAAUAUUUUCG	6.237201	1300	1	1	1	1
UACAGACCAUAGCCGAAAUA	6.237201	1300	1	1	1	1
GAUUCGGCCCAGAAAAUCUA	6.237201	1300	1	1	1	1
CUUAAGUGAACACCCUGUCA	6.237201	1300	1	1	1	1
GAAGACAAAUGCCUUGCACU	6.237201	1300	1	1	1	1
CUUCUUUUGGCAGCUCACAU	6.237201	1300	1	1	1	1
UUGGCGAAGCAUCAAUAACA	6.237201	1300	1	1	1	1
ACGAAGAAAAAACACGAGCC	6.237201	1300	1	1	1	1
UCUCCUGAACAAUAAUUGUG	6.237201	1300	1	1	1	1
GCCCCUAUAAUCCCUGCCAA	6.237201	1300	1	1	1	1
AGUGAAGCGGCUCAACUUUC	6.237201	1300	1	1	1	1
GCCUUCAAACCCCUACGUGA	6.237201	1300	1	1	1	1
UCCCCGAAGACUACUAGGCC	6.237201	1300	1	1	1	1
AUAUCGAUAUGCCAGUAUCC	6.237201	1300	1	1	1	1
UCUAUUUCACAAGAAACAGC	6.237201	1300	1	1	1	1
GCAAGUUGUUAAACGCAUUA	6.237201	1300	1	1	1	1
UAAAACCAAACAAAUAGCCC	6.237201	1300	1	1	1	1
CCCAUUUUCGAAUUAGAAUC	6.237201	1300	1	1	1	1
AAUGCUACGUUAUGCACUAA	6.237201	1300	1	1	1	1
GGGGAAGUAAGGACUGUUUC	6.237201	1300	1	1	1	1
GAAACACCCGUAAGGAACUG	6.237201	1300	1	1	1	1
UCCACGGAUUCCGAAGAUAU	6.237201	1300	1	1	1	1
AGAAGAAUUCUCCGGAUCCU	6.237201	1300	1	1	1	1
GACAUUCAUCCCUACAAAAU	6.237201	1300	1	1	1	1
GUUGUAAAUCAGUUCAAGAA	6.237201	1300	1	1	1	1
CACUAGCUGGGAACUUGUAU	6.237201	1300	1	1	1	1
AAAGGAGAAAAUCUUACGAU	6.237201	1300	1	1	1	1
GUAUCCCUGGUUCAACGAGC	6.237201	1300	1	1	1	1
GAAAUCAGAAAUAAUACUUC	6.237201	1300	1	1	1	1
GUGUCAAAAGUAUAAUUUGA	6.237201	1300	1	1	1	1
GGUUAACAUACACUCCCAUA	6.237201	1300	1	1	1	1
UCACACCAAACAAUUCAACA	6.237201	1300	1	1	1	1
CAUGAAAAUUGAACUAUUAA	6.237201	1300	1	1	1	1
UAUGAAGGCUAUUUCACACC	6.237201	1300	1	1	1	1
CGACUUCCGAGGUGAGAUUG	6.237201	1300	1	1	1	1
UAUAAUUGUUUGCCUAUCAG	6.237201	1300	1	1	1	1
AUACGGCAGGCUCUCCAGUA	6.237201	1300	1	1	1	1
UUCCAUCAGCCAUACCCAAC	6.237201	1300	1	1	1	1
CAGGGUUCAGCCCAGAAAAC	6.237201	1300	1	1	1	1
AUCGAAGCUUAUAUGAUAAU	6.237201	1300	1	1	1	1
UAACCUGUAAAUACAAUAAC	6.237201	1300	1	1	1	1
CUCAUAGAAGAACUAUUGCC	6.237201	1300	1	1	1	1
CCUCCUAUGCACAUUAACAU	6.237201	1300	1	1	1	1
UAUAAAACUCACACCUAUAU	6.237201	1300	1	1	1	1
CUACGAGUAAGGAGGAGCAC	6.237201	1300	1	1	1	1
GAUAGAUCAUACGCGCGUUA	6.237201	1300	1	1	1	1
GGACCUGACGACAAGAAGAA	6.237201	1300	1	1	1	1
UCAAACAAUACAAAAGUACG	6.237201	1300	1	1	1	1
GCACCAGACUGUCAAUUGAA	6.237201	1300	1	1	1	1
UGUUAGACAUGUUCCCGACA	6.237201	1300	1	1	1	1
CAAAAAUAUGUGGACAAGAA	6.237201	1300	1	1	1	1
AAAUGAAAACCCGAAUAAAU	6.237201	1300	1	1	1	1
AAAACAUGCAAUUGGCUACC	6.237201	1300	1	1	1	1
UCCAUGAAGUACUACUUGUU	6.237201	1300	1	1	1	1
CUAAACUGCGCCUCUAUGAG	6.237201	1300	1	1	1	1
UACCCGUAACCGCGUCAAAA	6.237201	1300	1	1	1	1
ACAAAAGUAGCCUUCGAAUU	6.237201	1300	1	1	1	1
CAGUGCCUCAAAAGCCCCAC	6.237201	1300	1	1	1	1
ACAACUCUUGCGUGAUUAGU	6.237201	1300	1	1	1	1
UAUUAGACAUCAUUAGCAAA	6.237201	1300	1	1	1	1
GGAAUCAUUGACACGUGUUC	6.237201	1300	1	1	1	1
AAACAACAACGGGCGAUUAC	6.237201	1300	1	1	1	1
AUCGCCCUACGAAAAGAUAG	6.237201	1300	1	1	1	1
AAAAAUGGGGGACCACCCUA	6.237201	1300	1	1	1	1
CCCCAUGAAUAACUGUAAUU	6.237201	1300	1	1	1	1
GAAACGCCCGUUACAUGAAU	6.237201	1300	1	1	1	1
AGCACUCAGGAACUUAAAUU	6.237201	1300	1	1	1	1
CCACCUCAACGAAAAGAGAU	6.237201	1300	1	1	1	1
CUUAUGAAUAAAGCCUUAGC	6.237201	1300	1	1	1	1
AAUCCAUCAAUACAAAGAGC	6.237201	1300	1	1	1	1
GGGCGGACGGCCCAUCUGAU	6.237201	1300	1	1	1	1
UCCGGGAGGAGCCGACAUAU	6.237201	1300	1	1	1	1
AGUGAACACUGUAGUAUCGA	6.237201	1300	1	1	1	1
GCCAGACGAACCCAAAAUCC	6.237201	1300	1	1	1	1
AAGUGGACCUUCGCUUCUUC	6.237201	1300	1	1	1	1
AGAGAUGUGAGCCUAAAUGA	6.237201	1300	1	1	1	1
GUUUGACAACGACAAAAGCG	6.237201	1300	1	1	1	1
GCGAAUAAAUUUCAAAUAAU	6.237201	1300	1	1	1	1
UAGUGGCAUCCGUAAUGGGU	6.237201	1300	1	1	1	1
AGAUGACGCCAAUUUAAGCU	6.237201	1300	1	1	1	1
UUCUUGUGGCGACACAAACC	6.237201	1300	1	1	1	1
UGUGCCACCGCGAGCGUGCU	6.237201	1300	1	1	1	1
CGGAAAGAGGGCAAGAAACU	6.237201	1300	1	1	1	1
GACGCUGAGGAAAAAAUACC	6.237201	1300	1	1	1	1
GCACACGGCUGUAUAAAUCC	6.237201	1300	1	1	1	1
AGAAGAUGGCUUACGGACGG	6.237201	1300	1	1	1	1
CACAUUGCACUCUGAAAUUA	6.237201	1300	1	1	1	1
ACCGUAACCCAGCGAAAGCC	6.237201	1300	1	1	1	1
GAUUAAUUCAGGCUCCAAGC	6.237201	1300	1	1	1	1
AUCUACGUUUCUAAGAAAAA	6.237201	1300	1	1	1	1
ACGGCAUUACGGUAGCCCCU	6.237201	1300	1	1	1	1
AUAUUUGUUUAUCAAUCCAA	6.237201	1300	1	1	1	1
UGCAACCUGGGAAGACUUGC	6.237201	1300	1	1	1	1
AACACCGAUUUAGAACACGC	6.237201	1300	1	1	1	1
AGAAAGACACCUAACUGCAA	6.237201	1300	1	1	1	1
AACAGAUCCCCAUCAUGUAA	6.237201	1300	1	1	1	1
AACCGGGGAUUACCCCAUGG	6.237201	1300	1	1	1	1
UAUAUAGAAGGCAUUCACGA	6.237201	1300	1	1	1	1
ACUACACCCAAAUUGCACAA	6.237201	1300	1	1	1	1
CACCGACAAUAAAGGCUAUC	6.237201	1300	1	1	1	1
AGAAGCCCGCACCAAAAAAA	6.237201	1300	1	1	1	1
AGACGAAAUCCCCUCAAUAU	6.237201	1300	1	1	1	1
AUUACGUACCGCAUUAAGAC	6.237201	1300	1	1	1	1
CGACGAACGCAAUUUGAAGA	6.237201	1300	1	1	1	1
GGAUCAAUGGCCACACUCGU	6.237201	1300	1	1	1	1
CGCAGUAAACGGACUUUACC	6.237201	1300	1	1	1	1
CUUAAGCGCCCUGGUCCUUU	6.237201	1300	1	1	1	1
GAGUAUCCGGUGAAAGAGCA	6.237201	1300	1	1	1	1
GAUUCCGCCCACAGACGAAA	6.237201	1300	1	1	1	1
GGUCUAGUAUAUAUGAAUCA	6.237201	1300	1	1	1	1
CUAUUCUGGCCGGUCAUUCU	6.237201	1300	1	1	1	1
AGAUCUUGUCAGCAGAAAAA	6.237201	1300	1	1	1	1
CUGAAACCUGGAAAUAGCAU	6.237201	1300	1	1	1	1
CAAGCGCAAUAAGUUCCACG	6.237201	1300	1	1	1	1
AAUUAAGAAGUGAAUAUGCC	6.237201	1300	1	1	1	1
GGCGAUCAAAAUUAAGCACC	6.237201	1300	1	1	1	1
CAGAGAUAACCUCCAACACC	6.237201	1300	1	1	1	1
AACGUCUUUGUAAAACAGGU	6.237201	1300	1	1	1	1
ACUAAAUACGAUAUCUUGCA	6.237201	1300	1	1	1	1
AUAGAUCGUCCAAUGCGCAA	6.237201	1300	1	1	1	1
GCAUUUAGGAACGGAAUAUU	6.237201	1300	1	1	1	1
GCGCUUAGGCGUGUAGACCG	6.237201	1300	1	1	1	1
GAAAUGGUGCUAGAAACGUU	6.237201	1300	1	1	1	1
AGCCCUCUAUCGAAAUAACG	6.237201	1300	1	1	1	1
CUGAUACCGAGACCCGAUUA	6.237201	1300	1	1	1	1
UAGUAAUGUCAGAAGUAUAU	6.237201	1300	1	1	1	1
CGAAACCUGCAGGAUUCGCG	6.237201	1300	1	1	1	1
GGCGGACUAUCAAGGUUAUU	6.237201	1300	1	1	1	1
CAUGAGUCGAUAUAAGUGGG	6.237201	1300	1	1	1	1
UACCAAAGUGCCAUCAUUCU	6.237201	1300	1	1	1	1
AACUGACACGCUUUUCAACU	6.237201	1300	1	1	1	1
UUAGUAACCGAAUGCCUGAA	6.237201	1300	1	1	1	1
ACCUGAUAAAGCAAACACUC	6.237201	1300	1	1	1	1
GAGUUGUGAAGCCACCCAAU	6.237201	1300	1	1	1	1
CUACUUGCACAUCUUACAUU	6.237201	1300	1	1	1	1
UUUAUCCUUAAUGCUAUAAA	6.237201	1300	1	1	1	1
CCAGACAUCCUAACCGACUA	6.237201	1300	1	1	1	1
UUUACGCACAAGAUAUUCCA	6.237201	1300	1	1	1	1
AAAGAAAAAAACCCCACUGU	6.237201	1300	1	1	1	1
UAAGAAUAGCCAAAGUACCU	6.237201	1300	1	1	1	1
CUCUUGCAGUAUAAGCCCUC	6.237201	1300	1	1	1	1
CGAGACGACUUUAAAAGCCU	6.237201	1300	1	1	1	1
UAGACUUACGAAGAAUUUAA	6.237201	1300	1	1	1	1
AAGUACCGUCUUUUUGAAGC	6.237201	1300	1	1	1	1
AUGCUCUUAGAAGAUCCAUA	6.237201	1300	1	1	1	1
UCUAUUAGAAUGAAUGCAAG	6.237201	1300	1	1	1	1
UCGAAAUAAAUGCAUUGUGA	6.237201	1300	1	1	1	1
CAGUGUUUGUGCACGACAUG	6.237201	1300	1	1	1	1
CGUACGCUGACCAUAAAGCG	6.237201	1300	1	1	1	1
GCUCGUAGCUACAUCUGAGA	6.237201	1300	1	1	1	1
UCACACGGCUUUCAGAAAGU	6.237201	1300	1	1	1	1
ACUCGAAUAGGCAAUUUUCA	6.237201	1300	1	1	1	1
CAGUUUUCAUAGUCAGCUCC	6.237201	1300	1	1	1	1
UACGGUUGCAUCUAACGACA	6.237201	1300	1	1	1	1
GACUAUUGGAAUUUACGAGC	6.237201	1300	1	1	1	1
CCCAUAAACAAUAUAAUCUC	6.237201	1300	1	1	1	1
AAUCUGGCGCCCCCUCACUU	6.237201	1300	1	1	1	1
AUUCUUACCCAUACAGCCGA	6.237201	1300	1	1	1	1
CGAGGAAAAUGAAUUUUUGU	6.237201	1300	1	1	1	1
GCGACACAUCCUGCACGAGU	6.237201	1300	1	1	1	1
UACAGGAAUAGACGCCAGUU	6.237201	1300	1	1	1	1
CAAAAUAAUGUAAAACUCGC	6.237201	1300	1	1	1	1
CUCGGGGAGUAAAAACAUAA	6.237201	1300	1	1	1	1
AAAAAGCCGUGUAUCUUUUA	6.237201	1300	1	1	1	1
UGUACAAAGAAACACAAAAU	6.237201	1300	1	1	1	1
GACGAAAAGCUUUUAAAUAU	6.237201	1300	1	1	1	1
CGUCACAGGUUUGAUGUCCC	6.237201	1300	1	1	1	1
GAAUAAAAGCGCUUAAAAAA	6.237201	1300	1	1	1	1
GAACAUUAAGGAGAAAGAAU	6.237201	1300	1	1	1	1
UGAAUUUUACCAUUGCCACA	6.237201	1300	1	1	1	1
UCCAAGUCCGGUGAAAUCUG	6.237201	1300	1	1	1	1
UUUGACUACCCACCUUAUGA	6.237201	1300	1	1	1	1
UGGAAGUACGCUAAGAGAAC	6.237201	1300	1	1	1	1
UUCCGAGAUUAGAAUUUUAA	6.237201	1300	1	1	1	1
AUGGGAAUAUCCUGAAAUCU	6.237201	1300	1	1	1	1
AAGAAGGCAUGAGCUUGGUU	6.237201	1300	1	1	1	1
UUCCAACCAAAGAAUACUUA	6.237201	1300	1	1	1	1
UAGUCCGUAAUACUUCGACG	6.237201	1300	1	1	1	1
ACAGGAUUUCGAAGAGGUAC	6.237201	1300	1	1	1	1
GUAUUCAGAAUUAAGCGCUU	6.237201	1300	1	1	1	1
AAUCCAACAAUACCGGUGAG	6.237201	1300	1	1	1	1
UUAAACCAGAAGAGAACAGA	6.237201	1300	1	1	1	1
UUAACUUCCCAGAACCUUAG	6.237201	1300	1	1	1	1
UCAGCAGUUAGUGCCUCUUC	6.237201	1300	1	1	1	1
AUGAAAAGCUAGACCCAAUU	6.237201	1300	1	1	1	1
AUGGAGAAUCAUAUGACACU	6.237201	1300	1	1	1	1
AGAAAUCAAGACCGUUAUAC	6.237201	1300	1	1	1	1
UCAGGAUGUUUCCCAGAAAU	6.237201	1300	1	1	1	1
GGCCGAGAAGCCACGAAGAA	6.237201	1300	1	1	1	1
AGCCUGCUGUAAUGAUAUAC	6.237201	1300	1	1	1	1
ACUGAAACUGUCCUAAAACU	6.237201	1300	1	1	1	1
CGAUCAAUACUAAUUUAAUC	6.237201	1300	1	1	1	1
CCUCGAAAACCCCUAGAACA	6.237201	1300	1	1	1	1
UACUUAGAAAUACUUUUGUG	6.237201	1300	1	1	1	1
CUCCCGAUGACUGCUCGAUA	6.237201	1300	1	1	1	1
CCCUAAUCAGCGUUUCAUAA	6.237201	1300	1	1	1	1
AGCGGGCACACAAGAAUGCG	6.237201	1300	1	1	1	1
AUCAUGAAGAGCAUACUGAA	6.237201	1300	1	1	1	1
CCUAUGCCCGGACGAAAUGU	6.237201	1300	1	1	1	1
CUAGCUUCGAAAACGUUAAC	6.237201	1300	1	1	1	1
AAUAAGAAUUUUUAAUGUUA	6.237201	1300	1	1	1	1
CGCCUCAUCGCUCAAUUUGG	6.237201	1300	1	1	1	1
CUGAACCUUAAAACCAAUGA	6.237201	1300	1	1	1	1
UGAAUCAUGUACCUACGCCU	6.237201	1300	1	1	1	1
AACUGGCUCAAGAUAAGAGC	6.237201	1300	1	1	1	1
UGAUCAGCGUAGAUCUCUCC	6.237201	1300	1	1	1	1
AUAUAUGCCUGAAAUAGAUU	6.237201	1300	1	1	1	1
AACAAUAUAACCCACCCGCC	6.237201	1300	1	1	1	1
CUGAAAACUAUUACGUCAAC	6.237201	1300	1	1	1	1
AAAAUAACGCGAAGUGAUCA	6.237201	1300	1	1	1	1
CGUCCACUGAAACUGCGUGA	6.237201	1300	1	1	1	1
CGCAAAUAUUACCGGUUCCC	6.237201	1300	1	1	1	1
CAAAGUGAACUAGAUGAUAC	6.237201	1300	1	1	1	1
UUACCCUCUUACCAAAUCAG	6.237201	1300	1	1	1	1
UAGGAGAACACUGCAAAUAG	6.237201	1300	1	1	1	1
GAGUACAACAAUUCUCCUGU	6.237201	1300	1	1	1	1
UAUUAUACGACAAACCUCGU	6.237201	1300	1	1	1	1
GGAUGGUUUUCCCACGCCAC	6.237201	1300	1	1	1	1
AAGGGACCUGAGCCGCGUUC	6.237201	1300	1	1	1	1
CCUGCCAUUGGCGAAUCCAU	6.237201	1300	1	1	1	1
ACCGAGCACAAUGAAGAAAA	6.237201	1300	1	1	1	1
ACUUGAAAAACAAAGAGACG	6.237201	1300	1	1	1	1
ACGAUGCACCCUCGUGGUCU	6.237201	1300	1	1	1	1
AACCUGUCUGCGGCUCUCCC	6.237201	1300	1	1	1	1
ACUUGGGAGGAAAACGCGAG	6.237201	1300	1	1	1	1
ACAUCAAUUCUAGAAAUGAA	6.237201	1300	1	1	1	1
UACUUAUACUGAAAAAGAAU	6.237201	1300	1	1	1	1
ACGUCAACAAAAGAAAGAUU	6.237201	1300	1	1	1	1
AAGACCCGACCUGUAAACAA	6.237201	1300	1	1	1	1
CCUGCGGACCAGACAUCUCA	6.237201	1300	1	1	1	1
ACCACUUGAAAAUCACCCAU	6.237201	1300	1	1	1	1
UUUUCUGAAUGUCAAAUCGU	6.237201	1300	1	1	1	1
GGUGACGCCGCCAGAGGAGG	6.237201	1300	1	1	1	1
UUUGAGGAUCUGAGUAAGAA	6.237201	1300	1	1	1	1
GAAAUUUUAAUAUCCCUGAG	6.237201	1300	1	1	1	1
CGAGCCGCGUUUGGAGUACC	6.237201	1300	1	1	1	1
GAAGACAAGGCGACCCGUAA	6.237201	1300	1	1	1	1
CCAGCAGGAUAAGCUUGCCC	6.237201	1300	1	1	1	1
UUAUUACAUCACUUAAUAAU	6.237201	1300	1	1	1	1
AAUCAUAAGCACAAAUUUCG	6.237201	1300	1	1	1	1
