file_accession	experiment_accession	target_name	concentration_nM	library_type	download_url	file_type
ENCFF094VAN	ENCSR443NPK	CSDE1	1300	pulldown	https://www.encodeproject.org/files/ENCFF094VAN/@@download/ENCFF094VAN.fastq.gz	fastq
ENCFF645OQW	ENCSR443NPK	CSDE1	5	pulldown	https://www.encodeproject.org/files/ENCFF645OQW/@@download/ENCFF645OQW.fastq.gz	fastq
ENCFF485AIN	ENCSR443NPK	CSDE1	80	pulldown	https://www.encodeproject.org/files/ENCFF485AIN/@@download/ENCFF485AIN.fastq.gz	fastq
ENCFF031ZQZ	ENCSR642PJQ	SYNCRIP	80	pulldown	https://www.encodeproject.org/files/ENCFF031ZQZ/@@download/ENCFF031ZQZ.fastq.gz	fastq
ENCFF311VEA	ENCSR642PJQ	SYNCRIP	1300	pulldown	https://www.encodeproject.org/files/ENCFF311VEA/@@download/ENCFF311VEA.fastq.gz	fastq
ENCFF987JUM	ENCSR642PJQ	SYNCRIP	5	pulldown	https://www.encodeproject.org/files/ENCFF987JUM/@@download/ENCFF987JUM.fastq.gz	fastq
ENCFF102LTO	ENCSR021IWR	THUMPD1	1300	pulldown	https://www.encodeproject.org/files/ENCFF102LTO/@@download/ENCFF102LTO.fastq.gz	fastq
ENCFF223DCK	ENCSR021IWR	THUMPD1	5	pulldown	https://www.encodeproject.org/files/ENCFF223DCK/@@download/ENCFF223DCK.fastq.gz	fastq
ENCFF229VDA	ENCSR021IWR	THUMPD1	80	pulldown	https://www.encodeproject.org/files/ENCFF229VDA/@@download/ENCFF229VDA.fastq.gz	fastq
ENCFF101NND	ENCSR326HIV	(control)	0	input	https://www.encodeproject.org/files/ENCFF101NND/@@download/ENCFF101NND.fastq.gz	fastq
ENCFF311QTO	ENCSR456IMV	TDRD10	1300	pulldown	https://www.encodeproject.org/files/ENCFF311QTO/@@download/ENCFF311QTO.fastq.gz	fastq
ENCFF117GBU	ENCSR456IMV	TDRD10	5	pulldown	https://www.encodeproject.org/files/ENCFF117GBU/@@download/ENCFF117GBU.fastq.gz	fastq
ENCFF637GMS	ENCSR456IMV	TDRD10	80	pulldown	https://www.encodeproject.org/files/ENCFF637GMS/@@download/ENCFF637GMS.fastq.gz	fastq
ENCFF948RDB	ENCSR614KXG	ZC3H18	1300	pulldown	https://www.encodeproject.org/files/ENCFF948RDB/@@download/ENCFF948RDB.fastq.gz	fastq
ENCFF304PSD	ENCSR614KXG	ZC3H18	80	pulldown	https://www.encodeproject.org/files/ENCFF304PSD/@@download/ENCFF304PSD.fastq.gz	fastq
ENCFF905HAO	ENCSR614KXG	ZC3H18	5	pulldown	https://www.encodeproject.org/files/ENCFF905HAO/@@download/ENCFF905HAO.fastq.gz	fastq
ENCFF444DXH	ENCSR345PWR	RBM5	5	pulldown	https://www.encodeproject.org/files/ENCFF444DXH/@@download/ENCFF444DXH.fastq.gz	fastq
ENCFF361NTW	ENCSR345PWR	RBM5	80	pulldown	https://www.encodeproject.org/files/ENCFF361NTW/@@download/ENCFF361NTW.fastq.gz	fastq
ENCFF150UEU	ENCSR345PWR	RBM5	1300	pulldown	https://www.encodeproject.org/files/ENCFF150UEU/@@download/ENCFF150UEU.fastq.gz	fastq
ENCFF244KWF	ENCSR605EEO	ZC3H10	5	pulldown	https://www.encodeproject.org/files/ENCFF244KWF/@@download/ENCFF244KWF.fastq.gz	fastq
ENCFF320AIR	ENCSR605EEO	ZC3H10	1300	pulldown	https://www.encodeproject.org/files/ENCFF320AIR/@@download/ENCFF320AIR.fastq.gz	fastq
ENCFF951DBV	ENCSR605EEO	ZC3H10	80	pulldown	https://www.encodeproject.org/files/ENCFF951DBV/@@download/ENCFF951DBV.fastq.gz	fastq
ENCFF773UWT	ENCSR782ZXU	(control)	0	input	https://www.encodeproject.org/files/ENCFF773UWT/@@download/ENCFF773UWT.fastq.gz	fastq
ENCFF520OQE	ENCSR446UHZ	RBM20	5	pulldown	https://www.encodeproject.org/files/ENCFF520OQE/@@download/ENCFF520OQE.fastq.gz	fastq
ENCFF781JHV	ENCSR446UHZ	RBM20	1300	pulldown	https://www.encodeproject.org/files/ENCFF781JHV/@@download/ENCFF781JHV.fastq.gz	fastq
ENCFF653WQY	ENCSR446UHZ	RBM20	80	pulldown	https://www.encodeproject.org/files/ENCFF653WQY/@@download/ENCFF653WQY.fastq.gz	fastq
ENCFF578APX	ENCSR079FDB	SF3B6	1300	pulldown	https://www.encodeproject.org/files/ENCFF578APX/@@download/ENCFF578APX.fastq.gz	fastq
ENCFF228BDE	ENCSR079FDB	SF3B6	5	pulldown	https://www.encodeproject.org/files/ENCFF228BDE/@@download/ENCFF228BDE.fastq.gz	fastq
ENCFF448IKY	ENCSR079FDB	SF3B6	80	pulldown	https://www.encodeproject.org/files/ENCFF448IKY/@@download/ENCFF448IKY.fastq.gz	fastq
ENCFF864GIN	ENCSR086YTW	(control)	0	input	https://www.encodeproject.org/files/ENCFF864GIN/@@download/ENCFF864GIN.fastq.gz	fastq
ENCFF084WMM	ENCSR251CSO	(control)	0	input	https://www.encodeproject.org/files/ENCFF084WMM/@@download/ENCFF084WMM.fastq.gz	fastq
ENCFF399SZJ	ENCSR387CDD	NSUN2	1300	pulldown	https://www.encodeproject.org/files/ENCFF399SZJ/@@download/ENCFF399SZJ.fastq.gz	fastq
ENCFF106PAT	ENCSR387CDD	NSUN2	5	pulldown	https://www.encodeproject.org/files/ENCFF106PAT/@@download/ENCFF106PAT.fastq.gz	fastq
ENCFF436MVF	ENCSR387CDD	NSUN2	80	pulldown	https://www.encodeproject.org/files/ENCFF436MVF/@@download/ENCFF436MVF.fastq.gz	fastq
ENCFF225UDG	ENCSR051WAN	PABPC3	5	pulldown	https://www.encodeproject.org/files/ENCFF225UDG/@@download/ENCFF225UDG.fastq.gz	fastq
ENCFF836ATV	ENCSR051WAN	PABPC3	1300	pulldown	https://www.encodeproject.org/files/ENCFF836ATV/@@download/ENCFF836ATV.fastq.gz	fastq
ENCFF033GJN	ENCSR051WAN	PABPC3	80	pulldown	https://www.encodeproject.org/files/ENCFF033GJN/@@download/ENCFF033GJN.fastq.gz	fastq
ENCFF647VIQ	ENCSR429WJF	(control)	0	input	https://www.encodeproject.org/files/ENCFF647VIQ/@@download/ENCFF647VIQ.fastq.gz	fastq
ENCFF633PYG	ENCSR890PDQ	HNRNPA2B1	5	pulldown	https://www.encodeproject.org/files/ENCFF633PYG/@@download/ENCFF633PYG.fastq.gz	fastq
ENCFF272CDH	ENCSR890PDQ	HNRNPA2B1	20	pulldown	https://www.encodeproject.org/files/ENCFF272CDH/@@download/ENCFF272CDH.fastq.gz	fastq
ENCFF284NLC	ENCSR890PDQ	HNRNPA2B1	320	pulldown	https://www.encodeproject.org/files/ENCFF284NLC/@@download/ENCFF284NLC.fastq.gz	fastq
ENCFF871IQB	ENCSR890PDQ	HNRNPA2B1	80	pulldown	https://www.encodeproject.org/files/ENCFF871IQB/@@download/ENCFF871IQB.fastq.gz	fastq
ENCFF486QQA	ENCSR890PDQ	HNRNPA2B1	1300	pulldown	https://www.encodeproject.org/files/ENCFF486QQA/@@download/ENCFF486QQA.fastq.gz	fastq
ENCFF002DGA	ENCSR234DYH	(control)	0	input	https://www.encodeproject.org/files/ENCFF002DGA/@@download/ENCFF002DGA.fastq.gz	fastq
ENCFF002DFT	ENCSR394HHV	(control)	0	input	https://www.encodeproject.org/files/ENCFF002DFT/@@download/ENCFF002DFT.fastq.gz	fastq
ENCFF441MLG	ENCSR881AMH	(control)	0	input	https://www.encodeproject.org/files/ENCFF441MLG/@@download/ENCFF441MLG.fastq.gz	fastq
ENCFF919AUN	ENCSR704XYB	(control)	0	input	https://www.encodeproject.org/files/ENCFF919AUN/@@download/ENCFF919AUN.fastq.gz	fastq
ENCFF917XEN	ENCSR697KPL	(control)	0	input	https://www.encodeproject.org/files/ENCFF917XEN/@@download/ENCFF917XEN.fastq.gz	fastq
ENCFF002DHJ	ENCSR564NVP	(control)	0	input	https://www.encodeproject.org/files/ENCFF002DHJ/@@download/ENCFF002DHJ.fastq.gz	fastq
ENCFF385FOT	ENCSR915BDY	KHSRP	5	pulldown	https://www.encodeproject.org/files/ENCFF385FOT/@@download/ENCFF385FOT.fastq.gz	fastq
ENCFF778ABV	ENCSR915BDY	KHSRP	20	pulldown	https://www.encodeproject.org/files/ENCFF778ABV/@@download/ENCFF778ABV.fastq.gz	fastq
ENCFF608BCN	ENCSR915BDY	KHSRP	320	pulldown	https://www.encodeproject.org/files/ENCFF608BCN/@@download/ENCFF608BCN.fastq.gz	fastq
ENCFF487JGC	ENCSR915BDY	KHSRP	80	pulldown	https://www.encodeproject.org/files/ENCFF487JGC/@@download/ENCFF487JGC.fastq.gz	fastq
ENCFF641RTT	ENCSR915BDY	KHSRP	1300	pulldown	https://www.encodeproject.org/files/ENCFF641RTT/@@download/ENCFF641RTT.fastq.gz	fastq
ENCFF928YLI	ENCSR757IDL	(control)	0	input	https://www.encodeproject.org/files/ENCFF928YLI/@@download/ENCFF928YLI.fastq.gz	fastq
ENCFF092OVI	ENCSR773QCC	PUF60	5	pulldown	https://www.encodeproject.org/files/ENCFF092OVI/@@download/ENCFF092OVI.fastq.gz	fastq
ENCFF071TXE	ENCSR773QCC	PUF60	320	pulldown	https://www.encodeproject.org/files/ENCFF071TXE/@@download/ENCFF071TXE.fastq.gz	fastq
ENCFF838ARR	ENCSR773QCC	PUF60	1300	pulldown	https://www.encodeproject.org/files/ENCFF838ARR/@@download/ENCFF838ARR.fastq.gz	fastq
ENCFF748VRH	ENCSR773QCC	PUF60	80	pulldown	https://www.encodeproject.org/files/ENCFF748VRH/@@download/ENCFF748VRH.fastq.gz	fastq
ENCFF262OPY	ENCSR773QCC	PUF60	20	pulldown	https://www.encodeproject.org/files/ENCFF262OPY/@@download/ENCFF262OPY.fastq.gz	fastq
ENCFF208GAK	ENCSR416ZAE	(control)	0	input	https://www.encodeproject.org/files/ENCFF208GAK/@@download/ENCFF208GAK.fastq.gz	fastq
ENCFF159FNQ	ENCSR005ZRL	DAZAP1	20	pulldown	https://www.encodeproject.org/files/ENCFF159FNQ/@@download/ENCFF159FNQ.fastq.gz	fastq
ENCFF548LGA	ENCSR005ZRL	DAZAP1	5	pulldown	https://www.encodeproject.org/files/ENCFF548LGA/@@download/ENCFF548LGA.fastq.gz	fastq
ENCFF766DOA	ENCSR005ZRL	DAZAP1	80	pulldown	https://www.encodeproject.org/files/ENCFF766DOA/@@download/ENCFF766DOA.fastq.gz	fastq
ENCFF887GOK	ENCSR005ZRL	DAZAP1	320	pulldown	https://www.encodeproject.org/files/ENCFF887GOK/@@download/ENCFF887GOK.fastq.gz	fastq
ENCFF387GNF	ENCSR005ZRL	DAZAP1	1300	pulldown	https://www.encodeproject.org/files/ENCFF387GNF/@@download/ENCFF387GNF.fastq.gz	fastq
ENCFF066UKZ	ENCSR373XIN	(control)	0	input	https://www.encodeproject.org/files/ENCFF066UKZ/@@download/ENCFF066UKZ.fastq.gz	fastq
ENCFF794LYE	ENCSR133EBP	(control)	0	input	https://www.encodeproject.org/files/ENCFF794LYE/@@download/ENCFF794LYE.fastq.gz	fastq
ENCFF999PNF	ENCSR199MJK	RBM11	1300	pulldown	https://www.encodeproject.org/files/ENCFF999PNF/@@download/ENCFF999PNF.fastq.gz	fastq
ENCFF767VHJ	ENCSR199MJK	RBM11	5	pulldown	https://www.encodeproject.org/files/ENCFF767VHJ/@@download/ENCFF767VHJ.fastq.gz	fastq
ENCFF604IEH	ENCSR199MJK	RBM11	80	pulldown	https://www.encodeproject.org/files/ENCFF604IEH/@@download/ENCFF604IEH.fastq.gz	fastq
ENCFF746BQQ	ENCSR929OLV	SRSF8	5	pulldown	https://www.encodeproject.org/files/ENCFF746BQQ/@@download/ENCFF746BQQ.fastq.gz	fastq
ENCFF046HXG	ENCSR929OLV	SRSF8	1300	pulldown	https://www.encodeproject.org/files/ENCFF046HXG/@@download/ENCFF046HXG.fastq.gz	fastq
ENCFF172SZM	ENCSR929OLV	SRSF8	20	pulldown	https://www.encodeproject.org/files/ENCFF172SZM/@@download/ENCFF172SZM.fastq.gz	fastq
ENCFF625PWF	ENCSR929OLV	SRSF8	320	pulldown	https://www.encodeproject.org/files/ENCFF625PWF/@@download/ENCFF625PWF.fastq.gz	fastq
ENCFF260OIA	ENCSR929OLV	SRSF8	80	pulldown	https://www.encodeproject.org/files/ENCFF260OIA/@@download/ENCFF260OIA.fastq.gz	fastq
ENCFF621AFM	ENCSR259BLT	(control)	0	input	https://www.encodeproject.org/files/ENCFF621AFM/@@download/ENCFF621AFM.fastq.gz	fastq
ENCFF472NVZ	ENCSR234LUY	(control)	0	input	https://www.encodeproject.org/files/ENCFF472NVZ/@@download/ENCFF472NVZ.fastq.gz	fastq
ENCFF443RLZ	ENCSR275JFN	SRSF2	5	pulldown	https://www.encodeproject.org/files/ENCFF443RLZ/@@download/ENCFF443RLZ.fastq.gz	fastq
ENCFF203RCX	ENCSR275JFN	SRSF2	20	pulldown	https://www.encodeproject.org/files/ENCFF203RCX/@@download/ENCFF203RCX.fastq.gz	fastq
ENCFF044HZO	ENCSR275JFN	SRSF2	320	pulldown	https://www.encodeproject.org/files/ENCFF044HZO/@@download/ENCFF044HZO.fastq.gz	fastq
ENCFF427KXG	ENCSR275JFN	SRSF2	80	pulldown	https://www.encodeproject.org/files/ENCFF427KXG/@@download/ENCFF427KXG.fastq.gz	fastq
ENCFF395BSA	ENCSR275JFN	SRSF2	1300	pulldown	https://www.encodeproject.org/files/ENCFF395BSA/@@download/ENCFF395BSA.fastq.gz	fastq
ENCFF087BBT	ENCSR694VQW	(control)	0	input	https://www.encodeproject.org/files/ENCFF087BBT/@@download/ENCFF087BBT.fastq.gz	fastq
ENCFF889JSB	ENCSR960GMF	(control)	0	input	https://www.encodeproject.org/files/ENCFF889JSB/@@download/ENCFF889JSB.fastq.gz	fastq
ENCFF517JVP	ENCSR971BTX	(control)	0	input	https://www.encodeproject.org/files/ENCFF517JVP/@@download/ENCFF517JVP.fastq.gz	fastq
ENCFF314LQZ	ENCSR775PWD	(control)	0	input	https://www.encodeproject.org/files/ENCFF314LQZ/@@download/ENCFF314LQZ.fastq.gz	fastq
ENCFF004ECZ	ENCSR954TYO	HNRNPL	20	pulldown	https://www.encodeproject.org/files/ENCFF004ECZ/@@download/ENCFF004ECZ.fastq.gz	fastq
ENCFF066AFW	ENCSR954TYO	HNRNPL	80	pulldown	https://www.encodeproject.org/files/ENCFF066AFW/@@download/ENCFF066AFW.fastq.gz	fastq
ENCFF407TKA	ENCSR954TYO	HNRNPL	320	pulldown	https://www.encodeproject.org/files/ENCFF407TKA/@@download/ENCFF407TKA.fastq.gz	fastq
ENCFF929YDP	ENCSR954TYO	HNRNPL	1300	pulldown	https://www.encodeproject.org/files/ENCFF929YDP/@@download/ENCFF929YDP.fastq.gz	fastq
ENCFF086FCD	ENCSR954TYO	HNRNPL	5	pulldown	https://www.encodeproject.org/files/ENCFF086FCD/@@download/ENCFF086FCD.fastq.gz	fastq
ENCFF975GRN	ENCSR693HGG	(control)	0	input	https://www.encodeproject.org/files/ENCFF975GRN/@@download/ENCFF975GRN.fastq.gz	fastq
ENCFF249MKN	ENCSR082AKW	ESRP1	1300	pulldown	https://www.encodeproject.org/files/ENCFF249MKN/@@download/ENCFF249MKN.fastq.gz	fastq
ENCFF866SSJ	ENCSR082AKW	ESRP1	80	pulldown	https://www.encodeproject.org/files/ENCFF866SSJ/@@download/ENCFF866SSJ.fastq.gz	fastq
ENCFF709NVS	ENCSR082AKW	ESRP1	320	pulldown	https://www.encodeproject.org/files/ENCFF709NVS/@@download/ENCFF709NVS.fastq.gz	fastq
ENCFF201IIS	ENCSR082AKW	ESRP1	5	pulldown	https://www.encodeproject.org/files/ENCFF201IIS/@@download/ENCFF201IIS.fastq.gz	fastq
ENCFF497OVV	ENCSR082AKW	ESRP1	20	pulldown	https://www.encodeproject.org/files/ENCFF497OVV/@@download/ENCFF497OVV.fastq.gz	fastq
ENCFF261ZHZ	ENCSR368NMO	HNRNPK	5	pulldown	https://www.encodeproject.org/files/ENCFF261ZHZ/@@download/ENCFF261ZHZ.fastq.gz	fastq
ENCFF281CNE	ENCSR368NMO	HNRNPK	80	pulldown	https://www.encodeproject.org/files/ENCFF281CNE/@@download/ENCFF281CNE.fastq.gz	fastq
ENCFF004OKN	ENCSR368NMO	HNRNPK	320	pulldown	https://www.encodeproject.org/files/ENCFF004OKN/@@download/ENCFF004OKN.fastq.gz	fastq
ENCFF674RCB	ENCSR368NMO	HNRNPK	1300	pulldown	https://www.encodeproject.org/files/ENCFF674RCB/@@download/ENCFF674RCB.fastq.gz	fastq
ENCFF732XFP	ENCSR368NMO	HNRNPK	20	pulldown	https://www.encodeproject.org/files/ENCFF732XFP/@@download/ENCFF732XFP.fastq.gz	fastq
ENCFF658BYB	ENCSR831ZFS	(control)	0	input	https://www.encodeproject.org/files/ENCFF658BYB/@@download/ENCFF658BYB.fastq.gz	fastq
ENCFF881JYO	ENCSR973JRB	(control)	0	input	https://www.encodeproject.org/files/ENCFF881JYO/@@download/ENCFF881JYO.fastq.gz	fastq
ENCFF707DGD	ENCSR252RIJ	SRSF4	20	pulldown	https://www.encodeproject.org/files/ENCFF707DGD/@@download/ENCFF707DGD.fastq.gz	fastq
ENCFF695JWD	ENCSR252RIJ	SRSF4	5	pulldown	https://www.encodeproject.org/files/ENCFF695JWD/@@download/ENCFF695JWD.fastq.gz	fastq
ENCFF801NRU	ENCSR252RIJ	SRSF4	80	pulldown	https://www.encodeproject.org/files/ENCFF801NRU/@@download/ENCFF801NRU.fastq.gz	fastq
ENCFF659GOB	ENCSR252RIJ	SRSF4	1300	pulldown	https://www.encodeproject.org/files/ENCFF659GOB/@@download/ENCFF659GOB.fastq.gz	fastq
ENCFF424VHK	ENCSR252RIJ	SRSF4	320	pulldown	https://www.encodeproject.org/files/ENCFF424VHK/@@download/ENCFF424VHK.fastq.gz	fastq
ENCFF066NPP	ENCSR759QKO	RBM25	5	pulldown	https://www.encodeproject.org/files/ENCFF066NPP/@@download/ENCFF066NPP.fastq.gz	fastq
ENCFF897ZRK	ENCSR759QKO	RBM25	320	pulldown	https://www.encodeproject.org/files/ENCFF897ZRK/@@download/ENCFF897ZRK.fastq.gz	fastq
ENCFF701SYD	ENCSR759QKO	RBM25	20	pulldown	https://www.encodeproject.org/files/ENCFF701SYD/@@download/ENCFF701SYD.fastq.gz	fastq
ENCFF410QTN	ENCSR759QKO	RBM25	80	pulldown	https://www.encodeproject.org/files/ENCFF410QTN/@@download/ENCFF410QTN.fastq.gz	fastq
ENCFF353VKL	ENCSR759QKO	RBM25	1300	pulldown	https://www.encodeproject.org/files/ENCFF353VKL/@@download/ENCFF353VKL.fastq.gz	fastq
ENCFF266PHU	ENCSR845GNW	PUM1	320	pulldown	https://www.encodeproject.org/files/ENCFF266PHU/@@download/ENCFF266PHU.fastq.gz	fastq
ENCFF894MLG	ENCSR845GNW	PUM1	5	pulldown	https://www.encodeproject.org/files/ENCFF894MLG/@@download/ENCFF894MLG.fastq.gz	fastq
ENCFF090QVU	ENCSR845GNW	PUM1	20	pulldown	https://www.encodeproject.org/files/ENCFF090QVU/@@download/ENCFF090QVU.fastq.gz	fastq
ENCFF574TBN	ENCSR845GNW	PUM1	80	pulldown	https://www.encodeproject.org/files/ENCFF574TBN/@@download/ENCFF574TBN.fastq.gz	fastq
ENCFF345UJY	ENCSR845GNW	PUM1	1300	pulldown	https://www.encodeproject.org/files/ENCFF345UJY/@@download/ENCFF345UJY.fastq.gz	fastq
ENCFF803LHT	ENCSR575QYE	KHDRBS2	5	pulldown	https://www.encodeproject.org/files/ENCFF803LHT/@@download/ENCFF803LHT.fastq.gz	fastq
ENCFF725OYS	ENCSR575QYE	KHDRBS2	20	pulldown	https://www.encodeproject.org/files/ENCFF725OYS/@@download/ENCFF725OYS.fastq.gz	fastq
ENCFF276YSZ	ENCSR575QYE	KHDRBS2	80	pulldown	https://www.encodeproject.org/files/ENCFF276YSZ/@@download/ENCFF276YSZ.fastq.gz	fastq
ENCFF234WAZ	ENCSR575QYE	KHDRBS2	320	pulldown	https://www.encodeproject.org/files/ENCFF234WAZ/@@download/ENCFF234WAZ.fastq.gz	fastq
ENCFF903TJA	ENCSR575QYE	KHDRBS2	1300	pulldown	https://www.encodeproject.org/files/ENCFF903TJA/@@download/ENCFF903TJA.fastq.gz	fastq
ENCFF995XRI	ENCSR919USP	YBX2	1300	pulldown	https://www.encodeproject.org/files/ENCFF995XRI/@@download/ENCFF995XRI.fastq.gz	fastq
ENCFF414JCF	ENCSR919USP	YBX2	5	pulldown	https://www.encodeproject.org/files/ENCFF414JCF/@@download/ENCFF414JCF.fastq.gz	fastq
ENCFF182TEF	ENCSR919USP	YBX2	80	pulldown	https://www.encodeproject.org/files/ENCFF182TEF/@@download/ENCFF182TEF.fastq.gz	fastq
ENCFF375AIG	ENCSR936LOF	FUS	20	pulldown	https://www.encodeproject.org/files/ENCFF375AIG/@@download/ENCFF375AIG.fastq.gz	fastq
ENCFF739HXK	ENCSR936LOF	FUS	320	pulldown	https://www.encodeproject.org/files/ENCFF739HXK/@@download/ENCFF739HXK.fastq.gz	fastq
ENCFF692LOC	ENCSR936LOF	FUS	1300	pulldown	https://www.encodeproject.org/files/ENCFF692LOC/@@download/ENCFF692LOC.fastq.gz	fastq
ENCFF448YEM	ENCSR936LOF	FUS	5	pulldown	https://www.encodeproject.org/files/ENCFF448YEM/@@download/ENCFF448YEM.fastq.gz	fastq
ENCFF680AGJ	ENCSR936LOF	FUS	80	pulldown	https://www.encodeproject.org/files/ENCFF680AGJ/@@download/ENCFF680AGJ.fastq.gz	fastq
ENCFF846YUO	ENCSR063HQO	EWSR1	320	pulldown	https://www.encodeproject.org/files/ENCFF846YUO/@@download/ENCFF846YUO.fastq.gz	fastq
ENCFF690OPZ	ENCSR063HQO	EWSR1	20	pulldown	https://www.encodeproject.org/files/ENCFF690OPZ/@@download/ENCFF690OPZ.fastq.gz	fastq
ENCFF352GUJ	ENCSR063HQO	EWSR1	1300	pulldown	https://www.encodeproject.org/files/ENCFF352GUJ/@@download/ENCFF352GUJ.fastq.gz	fastq
ENCFF561OTA	ENCSR063HQO	EWSR1	80	pulldown	https://www.encodeproject.org/files/ENCFF561OTA/@@download/ENCFF561OTA.fastq.gz	fastq
ENCFF806UZR	ENCSR063HQO	EWSR1	5	pulldown	https://www.encodeproject.org/files/ENCFF806UZR/@@download/ENCFF806UZR.fastq.gz	fastq
ENCFF401FZE	ENCSR331BKR	RBM4	5	pulldown	https://www.encodeproject.org/files/ENCFF401FZE/@@download/ENCFF401FZE.fastq.gz	fastq
ENCFF662YDT	ENCSR331BKR	RBM4	80	pulldown	https://www.encodeproject.org/files/ENCFF662YDT/@@download/ENCFF662YDT.fastq.gz	fastq
ENCFF940CRO	ENCSR331BKR	RBM4	320	pulldown	https://www.encodeproject.org/files/ENCFF940CRO/@@download/ENCFF940CRO.fastq.gz	fastq
ENCFF527ZSP	ENCSR331BKR	RBM4	1300	pulldown	https://www.encodeproject.org/files/ENCFF527ZSP/@@download/ENCFF527ZSP.fastq.gz	fastq
ENCFF290VRZ	ENCSR331BKR	RBM4	20	pulldown	https://www.encodeproject.org/files/ENCFF290VRZ/@@download/ENCFF290VRZ.fastq.gz	fastq
ENCFF271YCR	ENCSR328PGZ	HNRNPH2	1300	pulldown	https://www.encodeproject.org/files/ENCFF271YCR/@@download/ENCFF271YCR.fastq.gz	fastq
ENCFF471ZPP	ENCSR328PGZ	HNRNPH2	20	pulldown	https://www.encodeproject.org/files/ENCFF471ZPP/@@download/ENCFF471ZPP.fastq.gz	fastq
ENCFF789QRU	ENCSR328PGZ	HNRNPH2	320	pulldown	https://www.encodeproject.org/files/ENCFF789QRU/@@download/ENCFF789QRU.fastq.gz	fastq
ENCFF183XXP	ENCSR328PGZ	HNRNPH2	5	pulldown	https://www.encodeproject.org/files/ENCFF183XXP/@@download/ENCFF183XXP.fastq.gz	fastq
ENCFF341AET	ENCSR328PGZ	HNRNPH2	80	pulldown	https://www.encodeproject.org/files/ENCFF341AET/@@download/ENCFF341AET.fastq.gz	fastq
ENCFF200FEI	ENCSR329RIP	MSI1	2	pulldown	https://www.encodeproject.org/files/ENCFF200FEI/@@download/ENCFF200FEI.fastq.gz	fastq
ENCFF695CIJ	ENCSR329RIP	MSI1	64	pulldown	https://www.encodeproject.org/files/ENCFF695CIJ/@@download/ENCFF695CIJ.fastq.gz	fastq
ENCFF110LAR	ENCSR329RIP	MSI1	1000	pulldown	https://www.encodeproject.org/files/ENCFF110LAR/@@download/ENCFF110LAR.fastq.gz	fastq
ENCFF518PVS	ENCSR329RIP	MSI1	500	pulldown	https://www.encodeproject.org/files/ENCFF518PVS/@@download/ENCFF518PVS.fastq.gz	fastq
ENCFF049COJ	ENCSR329RIP	MSI1	256	pulldown	https://www.encodeproject.org/files/ENCFF049COJ/@@download/ENCFF049COJ.fastq.gz	fastq
ENCFF278ERO	ENCSR329RIP	MSI1	8	pulldown	https://www.encodeproject.org/files/ENCFF278ERO/@@download/ENCFF278ERO.fastq.gz	fastq
ENCFF922BHB	ENCSR329RIP	MSI1	16	pulldown	https://www.encodeproject.org/files/ENCFF922BHB/@@download/ENCFF922BHB.fastq.gz	fastq
ENCFF331ENP	ENCSR588GYZ	IGF2BP2	1300	pulldown	https://www.encodeproject.org/files/ENCFF331ENP/@@download/ENCFF331ENP.fastq.gz	fastq
ENCFF998ZLV	ENCSR588GYZ	IGF2BP2	20	pulldown	https://www.encodeproject.org/files/ENCFF998ZLV/@@download/ENCFF998ZLV.fastq.gz	fastq
ENCFF074RIC	ENCSR588GYZ	IGF2BP2	5	pulldown	https://www.encodeproject.org/files/ENCFF074RIC/@@download/ENCFF074RIC.fastq.gz	fastq
ENCFF758QOA	ENCSR588GYZ	IGF2BP2	80	pulldown	https://www.encodeproject.org/files/ENCFF758QOA/@@download/ENCFF758QOA.fastq.gz	fastq
ENCFF833VXY	ENCSR588GYZ	IGF2BP2	320	pulldown	https://www.encodeproject.org/files/ENCFF833VXY/@@download/ENCFF833VXY.fastq.gz	fastq
ENCFF901UAU	ENCSR488AUU	EIF3D	20	pulldown	https://www.encodeproject.org/files/ENCFF901UAU/@@download/ENCFF901UAU.fastq.gz	fastq
ENCFF313IWB	ENCSR488AUU	EIF3D	80	pulldown	https://www.encodeproject.org/files/ENCFF313IWB/@@download/ENCFF313IWB.fastq.gz	fastq
ENCFF609BEU	ENCSR488AUU	EIF3D	5	pulldown	https://www.encodeproject.org/files/ENCFF609BEU/@@download/ENCFF609BEU.fastq.gz	fastq
ENCFF541WDR	ENCSR122MVN	(control)	0	input	https://www.encodeproject.org/files/ENCFF541WDR/@@download/ENCFF541WDR.fastq.gz	fastq
ENCFF624STJ	ENCSR843QMF	FUBP1	20	pulldown	https://www.encodeproject.org/files/ENCFF624STJ/@@download/ENCFF624STJ.fastq.gz	fastq
ENCFF884IBI	ENCSR843QMF	FUBP1	5	pulldown	https://www.encodeproject.org/files/ENCFF884IBI/@@download/ENCFF884IBI.fastq.gz	fastq
ENCFF319TXL	ENCSR843QMF	FUBP1	1300	pulldown	https://www.encodeproject.org/files/ENCFF319TXL/@@download/ENCFF319TXL.fastq.gz	fastq
ENCFF597MHG	ENCSR843QMF	FUBP1	320	pulldown	https://www.encodeproject.org/files/ENCFF597MHG/@@download/ENCFF597MHG.fastq.gz	fastq
ENCFF677VDN	ENCSR843QMF	FUBP1	80	pulldown	https://www.encodeproject.org/files/ENCFF677VDN/@@download/ENCFF677VDN.fastq.gz	fastq
ENCFF214QKC	ENCSR640ADB	(control)	0	input	https://www.encodeproject.org/files/ENCFF214QKC/@@download/ENCFF214QKC.fastq.gz	fastq
ENCFF897ONM	ENCSR064NOY	TIA1	320	pulldown	https://www.encodeproject.org/files/ENCFF897ONM/@@download/ENCFF897ONM.fastq.gz	fastq
ENCFF815CIK	ENCSR064NOY	TIA1	20	pulldown	https://www.encodeproject.org/files/ENCFF815CIK/@@download/ENCFF815CIK.fastq.gz	fastq
ENCFF400JXE	ENCSR064NOY	TIA1	1300	pulldown	https://www.encodeproject.org/files/ENCFF400JXE/@@download/ENCFF400JXE.fastq.gz	fastq
ENCFF278GIB	ENCSR064NOY	TIA1	5	pulldown	https://www.encodeproject.org/files/ENCFF278GIB/@@download/ENCFF278GIB.fastq.gz	fastq
ENCFF374UTI	ENCSR064NOY	TIA1	80	pulldown	https://www.encodeproject.org/files/ENCFF374UTI/@@download/ENCFF374UTI.fastq.gz	fastq
ENCFF002DGP	ENCSR006QKZ	MBNL1	1090	pulldown	https://www.encodeproject.org/files/ENCFF002DGP/@@download/ENCFF002DGP.fastq.gz	fastq
ENCFF002DGQ	ENCSR006QKZ	MBNL1	121	pulldown	https://www.encodeproject.org/files/ENCFF002DGQ/@@download/ENCFF002DGQ.fastq.gz	fastq
ENCFF002DGR	ENCSR006QKZ	MBNL1	13	pulldown	https://www.encodeproject.org/files/ENCFF002DGR/@@download/ENCFF002DGR.fastq.gz	fastq
ENCFF002DGS	ENCSR006QKZ	MBNL1	1	pulldown	https://www.encodeproject.org/files/ENCFF002DGS/@@download/ENCFF002DGS.fastq.gz	fastq
ENCFF002DGT	ENCSR006QKZ	MBNL1	3280	pulldown	https://www.encodeproject.org/files/ENCFF002DGT/@@download/ENCFF002DGT.fastq.gz	fastq
ENCFF002DGU	ENCSR006QKZ	MBNL1	365	pulldown	https://www.encodeproject.org/files/ENCFF002DGU/@@download/ENCFF002DGU.fastq.gz	fastq
ENCFF002DGV	ENCSR006QKZ	MBNL1	40	pulldown	https://www.encodeproject.org/files/ENCFF002DGV/@@download/ENCFF002DGV.fastq.gz	fastq
ENCFF002DGW	ENCSR006QKZ	MBNL1	4	pulldown	https://www.encodeproject.org/files/ENCFF002DGW/@@download/ENCFF002DGW.fastq.gz	fastq
ENCFF002DGX	ENCSR006QKZ	MBNL1	9800	pulldown	https://www.encodeproject.org/files/ENCFF002DGX/@@download/ENCFF002DGX.fastq.gz	fastq
ENCFF224QDZ	ENCSR462HQR	(control)	0	input	https://www.encodeproject.org/files/ENCFF224QDZ/@@download/ENCFF224QDZ.fastq.gz	fastq
ENCFF245ISP	ENCSR653ZTY	TROVE2	5	pulldown	https://www.encodeproject.org/files/ENCFF245ISP/@@download/ENCFF245ISP.fastq.gz	fastq
ENCFF779BQS	ENCSR653ZTY	TROVE2	1300	pulldown	https://www.encodeproject.org/files/ENCFF779BQS/@@download/ENCFF779BQS.fastq.gz	fastq
ENCFF702NXM	ENCSR653ZTY	TROVE2	80	pulldown	https://www.encodeproject.org/files/ENCFF702NXM/@@download/ENCFF702NXM.fastq.gz	fastq
ENCFF002DGO	ENCSR490PSZ	(control)	0	input	https://www.encodeproject.org/files/ENCFF002DGO/@@download/ENCFF002DGO.fastq.gz	fastq
ENCFF771NKG	ENCSR023ESV	(control)	0	input	https://www.encodeproject.org/files/ENCFF771NKG/@@download/ENCFF771NKG.fastq.gz	fastq
ENCFF309HWO	ENCSR292HKC	(control)	0	input	https://www.encodeproject.org/files/ENCFF309HWO/@@download/ENCFF309HWO.fastq.gz	fastq
ENCFF942RUM	ENCSR421UDF	RBFOX3	320	pulldown	https://www.encodeproject.org/files/ENCFF942RUM/@@download/ENCFF942RUM.fastq.gz	fastq
ENCFF629DZC	ENCSR421UDF	RBFOX3	20	pulldown	https://www.encodeproject.org/files/ENCFF629DZC/@@download/ENCFF629DZC.fastq.gz	fastq
ENCFF719LOX	ENCSR421UDF	RBFOX3	5	pulldown	https://www.encodeproject.org/files/ENCFF719LOX/@@download/ENCFF719LOX.fastq.gz	fastq
ENCFF963SOG	ENCSR421UDF	RBFOX3	80	pulldown	https://www.encodeproject.org/files/ENCFF963SOG/@@download/ENCFF963SOG.fastq.gz	fastq
ENCFF405QFZ	ENCSR421UDF	RBFOX3	1300	pulldown	https://www.encodeproject.org/files/ENCFF405QFZ/@@download/ENCFF405QFZ.fastq.gz	fastq
ENCFF519RUA	ENCSR548MAW	(control)	0	input	https://www.encodeproject.org/files/ENCFF519RUA/@@download/ENCFF519RUA.fastq.gz	fastq
ENCFF002DGZ	ENCSR742YDK	(control)	0	input	https://www.encodeproject.org/files/ENCFF002DGZ/@@download/ENCFF002DGZ.fastq.gz	fastq
ENCFF002DFZ	ENCSR141NLX	(control)	0	input	https://www.encodeproject.org/files/ENCFF002DFZ/@@download/ENCFF002DFZ.fastq.gz	fastq
ENCFF576KOI	ENCSR379HWF	RBM3	5	pulldown	https://www.encodeproject.org/files/ENCFF576KOI/@@download/ENCFF576KOI.fastq.gz	fastq
ENCFF745PBS	ENCSR379HWF	RBM3	1300	pulldown	https://www.encodeproject.org/files/ENCFF745PBS/@@download/ENCFF745PBS.fastq.gz	fastq
ENCFF809IFX	ENCSR379HWF	RBM3	80	pulldown	https://www.encodeproject.org/files/ENCFF809IFX/@@download/ENCFF809IFX.fastq.gz	fastq
ENCFF418KRY	ENCSR593LSP	(control)	0	input	https://www.encodeproject.org/files/ENCFF418KRY/@@download/ENCFF418KRY.fastq.gz	fastq
ENCFF547QPF	ENCSR432LUH	EXOSC4	1300	pulldown	https://www.encodeproject.org/files/ENCFF547QPF/@@download/ENCFF547QPF.fastq.gz	fastq
ENCFF515KZG	ENCSR432LUH	EXOSC4	5	pulldown	https://www.encodeproject.org/files/ENCFF515KZG/@@download/ENCFF515KZG.fastq.gz	fastq
ENCFF543ECU	ENCSR432LUH	EXOSC4	80	pulldown	https://www.encodeproject.org/files/ENCFF543ECU/@@download/ENCFF543ECU.fastq.gz	fastq
ENCFF144IPW	ENCSR171TTH	ELAVL4	5	pulldown	https://www.encodeproject.org/files/ENCFF144IPW/@@download/ENCFF144IPW.fastq.gz	fastq
ENCFF177IIK	ENCSR171TTH	ELAVL4	20	pulldown	https://www.encodeproject.org/files/ENCFF177IIK/@@download/ENCFF177IIK.fastq.gz	fastq
ENCFF729VNY	ENCSR171TTH	ELAVL4	320	pulldown	https://www.encodeproject.org/files/ENCFF729VNY/@@download/ENCFF729VNY.fastq.gz	fastq
ENCFF639TKW	ENCSR171TTH	ELAVL4	1300	pulldown	https://www.encodeproject.org/files/ENCFF639TKW/@@download/ENCFF639TKW.fastq.gz	fastq
ENCFF947KRL	ENCSR171TTH	ELAVL4	80	pulldown	https://www.encodeproject.org/files/ENCFF947KRL/@@download/ENCFF947KRL.fastq.gz	fastq
ENCFF189FRP	ENCSR728SXZ	RC3H1	5	pulldown	https://www.encodeproject.org/files/ENCFF189FRP/@@download/ENCFF189FRP.fastq.gz	fastq
ENCFF607ZLL	ENCSR728SXZ	RC3H1	1300	pulldown	https://www.encodeproject.org/files/ENCFF607ZLL/@@download/ENCFF607ZLL.fastq.gz	fastq
ENCFF540SRD	ENCSR728SXZ	RC3H1	20	pulldown	https://www.encodeproject.org/files/ENCFF540SRD/@@download/ENCFF540SRD.fastq.gz	fastq
ENCFF732QEB	ENCSR728SXZ	RC3H1	320	pulldown	https://www.encodeproject.org/files/ENCFF732QEB/@@download/ENCFF732QEB.fastq.gz	fastq
ENCFF393MNZ	ENCSR728SXZ	RC3H1	80	pulldown	https://www.encodeproject.org/files/ENCFF393MNZ/@@download/ENCFF393MNZ.fastq.gz	fastq
ENCFF051BKB	ENCSR588UHH	(control)	0	input	https://www.encodeproject.org/files/ENCFF051BKB/@@download/ENCFF051BKB.fastq.gz	fastq
ENCFF418ZOY	ENCSR772NFP	(control)	0	input	https://www.encodeproject.org/files/ENCFF418ZOY/@@download/ENCFF418ZOY.fastq.gz	fastq
ENCFF668QER	ENCSR268DJR	(control)	0	input	https://www.encodeproject.org/files/ENCFF668QER/@@download/ENCFF668QER.fastq.gz	fastq
ENCFF002DGH	ENCSR767WJH	(control)	0	input	https://www.encodeproject.org/files/ENCFF002DGH/@@download/ENCFF002DGH.fastq.gz	fastq
ENCFF689ELM	ENCSR866URJ	(control)	0	input	https://www.encodeproject.org/files/ENCFF689ELM/@@download/ENCFF689ELM.fastq.gz	fastq
ENCFF421KWK	ENCSR566CVD	(control)	0	input	https://www.encodeproject.org/files/ENCFF421KWK/@@download/ENCFF421KWK.fastq.gz	fastq
ENCFF798CEK	ENCSR806UCE	CNOT4	20	pulldown	https://www.encodeproject.org/files/ENCFF798CEK/@@download/ENCFF798CEK.fastq.gz	fastq
ENCFF751TQU	ENCSR806UCE	CNOT4	320	pulldown	https://www.encodeproject.org/files/ENCFF751TQU/@@download/ENCFF751TQU.fastq.gz	fastq
ENCFF763IRH	ENCSR806UCE	CNOT4	5	pulldown	https://www.encodeproject.org/files/ENCFF763IRH/@@download/ENCFF763IRH.fastq.gz	fastq
ENCFF897BPT	ENCSR806UCE	CNOT4	1300	pulldown	https://www.encodeproject.org/files/ENCFF897BPT/@@download/ENCFF897BPT.fastq.gz	fastq
ENCFF962UIH	ENCSR806UCE	CNOT4	80	pulldown	https://www.encodeproject.org/files/ENCFF962UIH/@@download/ENCFF962UIH.fastq.gz	fastq
ENCFF040OXG	ENCSR073DSH	SRSF11	80	pulldown	https://www.encodeproject.org/files/ENCFF040OXG/@@download/ENCFF040OXG.fastq.gz	fastq
ENCFF828WZL	ENCSR073DSH	SRSF11	320	pulldown	https://www.encodeproject.org/files/ENCFF828WZL/@@download/ENCFF828WZL.fastq.gz	fastq
ENCFF877DUW	ENCSR073DSH	SRSF11	5	pulldown	https://www.encodeproject.org/files/ENCFF877DUW/@@download/ENCFF877DUW.fastq.gz	fastq
ENCFF205NWX	ENCSR073DSH	SRSF11	20	pulldown	https://www.encodeproject.org/files/ENCFF205NWX/@@download/ENCFF205NWX.fastq.gz	fastq
ENCFF795EEX	ENCSR073DSH	SRSF11	1300	pulldown	https://www.encodeproject.org/files/ENCFF795EEX/@@download/ENCFF795EEX.fastq.gz	fastq
ENCFF275QND	ENCSR846FYP	(control)	0	input	https://www.encodeproject.org/files/ENCFF275QND/@@download/ENCFF275QND.fastq.gz	fastq
ENCFF753YND	ENCSR143XOT	(control)	0	input	https://www.encodeproject.org/files/ENCFF753YND/@@download/ENCFF753YND.fastq.gz	fastq
ENCFF148TFJ	ENCSR903NNW	(control)	0	input	https://www.encodeproject.org/files/ENCFF148TFJ/@@download/ENCFF148TFJ.fastq.gz	fastq
ENCFF122OCC	ENCSR382CPM	XRN2	1300	pulldown	https://www.encodeproject.org/files/ENCFF122OCC/@@download/ENCFF122OCC.fastq.gz	fastq
ENCFF814DJB	ENCSR382CPM	XRN2	5	pulldown	https://www.encodeproject.org/files/ENCFF814DJB/@@download/ENCFF814DJB.fastq.gz	fastq
ENCFF260BWV	ENCSR382CPM	XRN2	80	pulldown	https://www.encodeproject.org/files/ENCFF260BWV/@@download/ENCFF260BWV.fastq.gz	fastq
ENCFF352XTP	ENCSR471OLL	(control)	0	input	https://www.encodeproject.org/files/ENCFF352XTP/@@download/ENCFF352XTP.fastq.gz	fastq
ENCFF070BRT	ENCSR180GCW	(control)	0	input	https://www.encodeproject.org/files/ENCFF070BRT/@@download/ENCFF070BRT.fastq.gz	fastq
ENCFF733MPN	ENCSR968MTX	(control)	0	input	https://www.encodeproject.org/files/ENCFF733MPN/@@download/ENCFF733MPN.fastq.gz	fastq
ENCFF313MLM	ENCSR958WXF	HNRNPA1L2	1300	pulldown	https://www.encodeproject.org/files/ENCFF313MLM/@@download/ENCFF313MLM.fastq.gz	fastq
ENCFF324SNP	ENCSR958WXF	HNRNPA1L2	5	pulldown	https://www.encodeproject.org/files/ENCFF324SNP/@@download/ENCFF324SNP.fastq.gz	fastq
ENCFF200VIJ	ENCSR958WXF	HNRNPA1L2	80	pulldown	https://www.encodeproject.org/files/ENCFF200VIJ/@@download/ENCFF200VIJ.fastq.gz	fastq
ENCFF573PAZ	ENCSR570AIV	ZFP36L1	5	pulldown	https://www.encodeproject.org/files/ENCFF573PAZ/@@download/ENCFF573PAZ.fastq.gz	fastq
ENCFF838TGG	ENCSR570AIV	ZFP36L1	1300	pulldown	https://www.encodeproject.org/files/ENCFF838TGG/@@download/ENCFF838TGG.fastq.gz	fastq
ENCFF676GIJ	ENCSR570AIV	ZFP36L1	80	pulldown	https://www.encodeproject.org/files/ENCFF676GIJ/@@download/ENCFF676GIJ.fastq.gz	fastq
ENCFF306CPI	ENCSR391FEW	TRA2B	80	pulldown	https://www.encodeproject.org/files/ENCFF306CPI/@@download/ENCFF306CPI.fastq.gz	fastq
ENCFF053XRQ	ENCSR391FEW	TRA2B	5	pulldown	https://www.encodeproject.org/files/ENCFF053XRQ/@@download/ENCFF053XRQ.fastq.gz	fastq
ENCFF777VGS	ENCSR391FEW	TRA2B	1300	pulldown	https://www.encodeproject.org/files/ENCFF777VGS/@@download/ENCFF777VGS.fastq.gz	fastq
ENCFF677VPY	ENCSR384MUT	(control)	0	input	https://www.encodeproject.org/files/ENCFF677VPY/@@download/ENCFF677VPY.fastq.gz	fastq
ENCFF514BCR	ENCSR297UTH	PPP1R10	1300	pulldown	https://www.encodeproject.org/files/ENCFF514BCR/@@download/ENCFF514BCR.fastq.gz	fastq
ENCFF943XFG	ENCSR297UTH	PPP1R10	5	pulldown	https://www.encodeproject.org/files/ENCFF943XFG/@@download/ENCFF943XFG.fastq.gz	fastq
ENCFF005JOX	ENCSR297UTH	PPP1R10	80	pulldown	https://www.encodeproject.org/files/ENCFF005JOX/@@download/ENCFF005JOX.fastq.gz	fastq
ENCFF726RAA	ENCSR249GVR	ZFP36L2	5	pulldown	https://www.encodeproject.org/files/ENCFF726RAA/@@download/ENCFF726RAA.fastq.gz	fastq
ENCFF712YGA	ENCSR249GVR	ZFP36L2	80	pulldown	https://www.encodeproject.org/files/ENCFF712YGA/@@download/ENCFF712YGA.fastq.gz	fastq
ENCFF818NQL	ENCSR249GVR	ZFP36L2	1300	pulldown	https://www.encodeproject.org/files/ENCFF818NQL/@@download/ENCFF818NQL.fastq.gz	fastq
ENCFF160CZF	ENCSR755VBZ	(control)	0	input	https://www.encodeproject.org/files/ENCFF160CZF/@@download/ENCFF160CZF.fastq.gz	fastq
ENCFF229OOD	ENCSR914PGB	SRSF5	20	pulldown	https://www.encodeproject.org/files/ENCFF229OOD/@@download/ENCFF229OOD.fastq.gz	fastq
ENCFF804SHE	ENCSR914PGB	SRSF5	320	pulldown	https://www.encodeproject.org/files/ENCFF804SHE/@@download/ENCFF804SHE.fastq.gz	fastq
ENCFF388IAE	ENCSR914PGB	SRSF5	1300	pulldown	https://www.encodeproject.org/files/ENCFF388IAE/@@download/ENCFF388IAE.fastq.gz	fastq
ENCFF130TEX	ENCSR914PGB	SRSF5	80	pulldown	https://www.encodeproject.org/files/ENCFF130TEX/@@download/ENCFF130TEX.fastq.gz	fastq
ENCFF901VZV	ENCSR914PGB	SRSF5	5	pulldown	https://www.encodeproject.org/files/ENCFF901VZV/@@download/ENCFF901VZV.fastq.gz	fastq
ENCFF015VYZ	ENCSR539RTM	PCBP1	20	pulldown	https://www.encodeproject.org/files/ENCFF015VYZ/@@download/ENCFF015VYZ.fastq.gz	fastq
ENCFF134JFO	ENCSR539RTM	PCBP1	5	pulldown	https://www.encodeproject.org/files/ENCFF134JFO/@@download/ENCFF134JFO.fastq.gz	fastq
ENCFF111WYI	ENCSR539RTM	PCBP1	1300	pulldown	https://www.encodeproject.org/files/ENCFF111WYI/@@download/ENCFF111WYI.fastq.gz	fastq
ENCFF965AGF	ENCSR539RTM	PCBP1	80	pulldown	https://www.encodeproject.org/files/ENCFF965AGF/@@download/ENCFF965AGF.fastq.gz	fastq
ENCFF975PLP	ENCSR539RTM	PCBP1	320	pulldown	https://www.encodeproject.org/files/ENCFF975PLP/@@download/ENCFF975PLP.fastq.gz	fastq
ENCFF532AHD	ENCSR187FJB	(control)	0	input	https://www.encodeproject.org/files/ENCFF532AHD/@@download/ENCFF532AHD.fastq.gz	fastq
ENCFF147YOV	ENCSR894MDU	(control)	0	input	https://www.encodeproject.org/files/ENCFF147YOV/@@download/ENCFF147YOV.fastq.gz	fastq
ENCFF386EWB	ENCSR744POX	SRSF10	80	pulldown	https://www.encodeproject.org/files/ENCFF386EWB/@@download/ENCFF386EWB.fastq.gz	fastq
ENCFF272IIN	ENCSR744POX	SRSF10	5	pulldown	https://www.encodeproject.org/files/ENCFF272IIN/@@download/ENCFF272IIN.fastq.gz	fastq
ENCFF457XQS	ENCSR744POX	SRSF10	1300	pulldown	https://www.encodeproject.org/files/ENCFF457XQS/@@download/ENCFF457XQS.fastq.gz	fastq
ENCFF593KNI	ENCSR744POX	SRSF10	20	pulldown	https://www.encodeproject.org/files/ENCFF593KNI/@@download/ENCFF593KNI.fastq.gz	fastq
ENCFF908JKG	ENCSR744POX	SRSF10	320	pulldown	https://www.encodeproject.org/files/ENCFF908JKG/@@download/ENCFF908JKG.fastq.gz	fastq
ENCFF870LSB	ENCSR006TPX	RBM22	80	pulldown	https://www.encodeproject.org/files/ENCFF870LSB/@@download/ENCFF870LSB.fastq.gz	fastq
ENCFF518QQN	ENCSR006TPX	RBM22	5	pulldown	https://www.encodeproject.org/files/ENCFF518QQN/@@download/ENCFF518QQN.fastq.gz	fastq
ENCFF576DJF	ENCSR006TPX	RBM22	320	pulldown	https://www.encodeproject.org/files/ENCFF576DJF/@@download/ENCFF576DJF.fastq.gz	fastq
ENCFF745RRQ	ENCSR006TPX	RBM22	20	pulldown	https://www.encodeproject.org/files/ENCFF745RRQ/@@download/ENCFF745RRQ.fastq.gz	fastq
ENCFF222JFA	ENCSR006TPX	RBM22	1300	pulldown	https://www.encodeproject.org/files/ENCFF222JFA/@@download/ENCFF222JFA.fastq.gz	fastq
ENCFF002DFU	ENCSR175OMA	HNRNPD	1300	pulldown	https://www.encodeproject.org/files/ENCFF002DFU/@@download/ENCFF002DFU.fastq.gz	fastq
ENCFF002DFV	ENCSR175OMA	HNRNPD	20	pulldown	https://www.encodeproject.org/files/ENCFF002DFV/@@download/ENCFF002DFV.fastq.gz	fastq
ENCFF002DFW	ENCSR175OMA	HNRNPD	320	pulldown	https://www.encodeproject.org/files/ENCFF002DFW/@@download/ENCFF002DFW.fastq.gz	fastq
ENCFF002DFX	ENCSR175OMA	HNRNPD	5	pulldown	https://www.encodeproject.org/files/ENCFF002DFX/@@download/ENCFF002DFX.fastq.gz	fastq
ENCFF002DFY	ENCSR175OMA	HNRNPD	80	pulldown	https://www.encodeproject.org/files/ENCFF002DFY/@@download/ENCFF002DFY.fastq.gz	fastq
ENCFF002DGB	ENCSR376SUZ	HNRNPF	1300	pulldown	https://www.encodeproject.org/files/ENCFF002DGB/@@download/ENCFF002DGB.fastq.gz	fastq
ENCFF002DGC	ENCSR376SUZ	HNRNPF	20	pulldown	https://www.encodeproject.org/files/ENCFF002DGC/@@download/ENCFF002DGC.fastq.gz	fastq
ENCFF002DGD	ENCSR376SUZ	HNRNPF	320	pulldown	https://www.encodeproject.org/files/ENCFF002DGD/@@download/ENCFF002DGD.fastq.gz	fastq
ENCFF002DGE	ENCSR376SUZ	HNRNPF	5	pulldown	https://www.encodeproject.org/files/ENCFF002DGE/@@download/ENCFF002DGE.fastq.gz	fastq
ENCFF002DGF	ENCSR376SUZ	HNRNPF	80	pulldown	https://www.encodeproject.org/files/ENCFF002DGF/@@download/ENCFF002DGF.fastq.gz	fastq
ENCFF601ZQE	ENCSR373NTB	(control)	0	input	https://www.encodeproject.org/files/ENCFF601ZQE/@@download/ENCFF601ZQE.fastq.gz	fastq
ENCFF002DFL	ENCSR992NHR	CELF1	1000	pulldown	https://www.encodeproject.org/files/ENCFF002DFL/@@download/ENCFF002DFL.fastq.gz	fastq
ENCFF002DFM	ENCSR992NHR	CELF1	130	pulldown	https://www.encodeproject.org/files/ENCFF002DFM/@@download/ENCFF002DFM.fastq.gz	fastq
ENCFF002DFN	ENCSR992NHR	CELF1	16	pulldown	https://www.encodeproject.org/files/ENCFF002DFN/@@download/ENCFF002DFN.fastq.gz	fastq
ENCFF002DFO	ENCSR992NHR	CELF1	2000	pulldown	https://www.encodeproject.org/files/ENCFF002DFO/@@download/ENCFF002DFO.fastq.gz	fastq
ENCFF002DFP	ENCSR992NHR	CELF1	4	pulldown	https://www.encodeproject.org/files/ENCFF002DFP/@@download/ENCFF002DFP.fastq.gz	fastq
ENCFF002DFQ	ENCSR992NHR	CELF1	500	pulldown	https://www.encodeproject.org/files/ENCFF002DFQ/@@download/ENCFF002DFQ.fastq.gz	fastq
ENCFF002DFR	ENCSR992NHR	CELF1	64	pulldown	https://www.encodeproject.org/files/ENCFF002DFR/@@download/ENCFF002DFR.fastq.gz	fastq
ENCFF002DFK	ENCSR219WYU	(control)	0	input	https://www.encodeproject.org/files/ENCFF002DFK/@@download/ENCFF002DFK.fastq.gz	fastq
ENCFF032AUY	ENCSR845RKH	(control)	0	input	https://www.encodeproject.org/files/ENCFF032AUY/@@download/ENCFF032AUY.fastq.gz	fastq
ENCFF934REI	ENCSR879LDT	(control)	0	input	https://www.encodeproject.org/files/ENCFF934REI/@@download/ENCFF934REI.fastq.gz	fastq
ENCFF114BBL	ENCSR945YVY	EIF4H	1300	pulldown	https://www.encodeproject.org/files/ENCFF114BBL/@@download/ENCFF114BBL.fastq.gz	fastq
ENCFF458RCH	ENCSR945YVY	EIF4H	5	pulldown	https://www.encodeproject.org/files/ENCFF458RCH/@@download/ENCFF458RCH.fastq.gz	fastq
ENCFF609ORZ	ENCSR945YVY	EIF4H	80	pulldown	https://www.encodeproject.org/files/ENCFF609ORZ/@@download/ENCFF609ORZ.fastq.gz	fastq
ENCFF002DHA	ENCSR441HLP	RBFOX2	1100	pulldown	https://www.encodeproject.org/files/ENCFF002DHA/@@download/ENCFF002DHA.fastq.gz	fastq
ENCFF002DHB	ENCSR441HLP	RBFOX2	121	pulldown	https://www.encodeproject.org/files/ENCFF002DHB/@@download/ENCFF002DHB.fastq.gz	fastq
ENCFF002DHC	ENCSR441HLP	RBFOX2	14	pulldown	https://www.encodeproject.org/files/ENCFF002DHC/@@download/ENCFF002DHC.fastq.gz	fastq
ENCFF002DHD	ENCSR441HLP	RBFOX2	1	pulldown	https://www.encodeproject.org/files/ENCFF002DHD/@@download/ENCFF002DHD.fastq.gz	fastq
ENCFF002DHE	ENCSR441HLP	RBFOX2	3300	pulldown	https://www.encodeproject.org/files/ENCFF002DHE/@@download/ENCFF002DHE.fastq.gz	fastq
ENCFF002DHF	ENCSR441HLP	RBFOX2	365	pulldown	https://www.encodeproject.org/files/ENCFF002DHF/@@download/ENCFF002DHF.fastq.gz	fastq
ENCFF002DHG	ENCSR441HLP	RBFOX2	40	pulldown	https://www.encodeproject.org/files/ENCFF002DHG/@@download/ENCFF002DHG.fastq.gz	fastq
ENCFF002DHH	ENCSR441HLP	RBFOX2	4	pulldown	https://www.encodeproject.org/files/ENCFF002DHH/@@download/ENCFF002DHH.fastq.gz	fastq
ENCFF002DHI	ENCSR441HLP	RBFOX2	9800	pulldown	https://www.encodeproject.org/files/ENCFF002DHI/@@download/ENCFF002DHI.fastq.gz	fastq
ENCFF002DGY	ENCSR070MLW	(control)	0	input	https://www.encodeproject.org/files/ENCFF002DGY/@@download/ENCFF002DGY.fastq.gz	fastq
ENCFF002DGN	ENCSR258MXY	(control)	0	input	https://www.encodeproject.org/files/ENCFF002DGN/@@download/ENCFF002DGN.fastq.gz	fastq
ENCFF979UHU	ENCSR883DFK	(control)	0	input	https://www.encodeproject.org/files/ENCFF979UHU/@@download/ENCFF979UHU.fastq.gz	fastq
ENCFF002DGG	ENCSR462ZJK	(control)	0	input	https://www.encodeproject.org/files/ENCFF002DGG/@@download/ENCFF002DGG.fastq.gz	fastq
ENCFF002DFS	ENCSR466KMQ	(control)	0	input	https://www.encodeproject.org/files/ENCFF002DFS/@@download/ENCFF002DFS.fastq.gz	fastq
ENCFF002BYK	ENCSR741ZPT	PTBP3	20	pulldown	https://www.encodeproject.org/files/ENCFF002BYK/@@download/ENCFF002BYK.fastq.gz	fastq
ENCFF002BYO	ENCSR741ZPT	PTBP3	5	pulldown	https://www.encodeproject.org/files/ENCFF002BYO/@@download/ENCFF002BYO.fastq.gz	fastq
ENCFF002BYL	ENCSR741ZPT	PTBP3	320	pulldown	https://www.encodeproject.org/files/ENCFF002BYL/@@download/ENCFF002BYL.fastq.gz	fastq
ENCFF002BYM	ENCSR741ZPT	PTBP3	3900	pulldown	https://www.encodeproject.org/files/ENCFF002BYM/@@download/ENCFF002BYM.fastq.gz	fastq
ENCFF002BYJ	ENCSR741ZPT	PTBP3	1300	pulldown	https://www.encodeproject.org/files/ENCFF002BYJ/@@download/ENCFF002BYJ.fastq.gz	fastq
ENCFF002BYP	ENCSR741ZPT	PTBP3	80	pulldown	https://www.encodeproject.org/files/ENCFF002BYP/@@download/ENCFF002BYP.fastq.gz	fastq
ENCFF002DGI	ENCSR928XOW	IGF2BP1	1300	pulldown	https://www.encodeproject.org/files/ENCFF002DGI/@@download/ENCFF002DGI.fastq.gz	fastq
ENCFF002DGJ	ENCSR928XOW	IGF2BP1	20	pulldown	https://www.encodeproject.org/files/ENCFF002DGJ/@@download/ENCFF002DGJ.fastq.gz	fastq
ENCFF002DGK	ENCSR928XOW	IGF2BP1	320	pulldown	https://www.encodeproject.org/files/ENCFF002DGK/@@download/ENCFF002DGK.fastq.gz	fastq
ENCFF002DGL	ENCSR928XOW	IGF2BP1	5	pulldown	https://www.encodeproject.org/files/ENCFF002DGL/@@download/ENCFF002DGL.fastq.gz	fastq
ENCFF002DGM	ENCSR928XOW	IGF2BP1	80	pulldown	https://www.encodeproject.org/files/ENCFF002DGM/@@download/ENCFF002DGM.fastq.gz	fastq
ENCFF325RIN	ENCSR876NDK	(control)	0	input	https://www.encodeproject.org/files/ENCFF325RIN/@@download/ENCFF325RIN.fastq.gz	fastq
ENCFF002BYQ	ENCSR454EFP	(control)	0	input	https://www.encodeproject.org/files/ENCFF002BYQ/@@download/ENCFF002BYQ.fastq.gz	fastq
ENCFF242LBP	ENCSR526XUZ	(control)	0	input	https://www.encodeproject.org/files/ENCFF242LBP/@@download/ENCFF242LBP.fastq.gz	fastq
ENCFF353BLN	ENCSR236YBZ	(control)	0	input	https://www.encodeproject.org/files/ENCFF353BLN/@@download/ENCFF353BLN.fastq.gz	fastq
ENCFF626IFM	ENCSR697VZN	FUBP3	1300	pulldown	https://www.encodeproject.org/files/ENCFF626IFM/@@download/ENCFF626IFM.fastq.gz	fastq
ENCFF130HUZ	ENCSR697VZN	FUBP3	5	pulldown	https://www.encodeproject.org/files/ENCFF130HUZ/@@download/ENCFF130HUZ.fastq.gz	fastq
ENCFF146YJF	ENCSR697VZN	FUBP3	80	pulldown	https://www.encodeproject.org/files/ENCFF146YJF/@@download/ENCFF146YJF.fastq.gz	fastq
ENCFF071WGX	ENCSR697VZN	FUBP3	320	pulldown	https://www.encodeproject.org/files/ENCFF071WGX/@@download/ENCFF071WGX.fastq.gz	fastq
ENCFF012DBP	ENCSR697VZN	FUBP3	20	pulldown	https://www.encodeproject.org/files/ENCFF012DBP/@@download/ENCFF012DBP.fastq.gz	fastq
ENCFF637PAB	ENCSR289FYJ	(control)	0	input	https://www.encodeproject.org/files/ENCFF637PAB/@@download/ENCFF637PAB.fastq.gz	fastq
ENCFF083JEO	ENCSR569UIU	HNRNPC	5	pulldown	https://www.encodeproject.org/files/ENCFF083JEO/@@download/ENCFF083JEO.fastq.gz	fastq
ENCFF235WCJ	ENCSR569UIU	HNRNPC	320	pulldown	https://www.encodeproject.org/files/ENCFF235WCJ/@@download/ENCFF235WCJ.fastq.gz	fastq
ENCFF161YRQ	ENCSR569UIU	HNRNPC	1300	pulldown	https://www.encodeproject.org/files/ENCFF161YRQ/@@download/ENCFF161YRQ.fastq.gz	fastq
ENCFF304NRR	ENCSR569UIU	HNRNPC	80	pulldown	https://www.encodeproject.org/files/ENCFF304NRR/@@download/ENCFF304NRR.fastq.gz	fastq
ENCFF366SWO	ENCSR569UIU	HNRNPC	20	pulldown	https://www.encodeproject.org/files/ENCFF366SWO/@@download/ENCFF366SWO.fastq.gz	fastq
ENCFF761JAF	ENCSR025XWZ	(control)	0	input	https://www.encodeproject.org/files/ENCFF761JAF/@@download/ENCFF761JAF.fastq.gz	fastq
ENCFF883BVH	ENCSR334QCK	PABPN1L	80	pulldown	https://www.encodeproject.org/files/ENCFF883BVH/@@download/ENCFF883BVH.fastq.gz	fastq
ENCFF219HWQ	ENCSR334QCK	PABPN1L	20	pulldown	https://www.encodeproject.org/files/ENCFF219HWQ/@@download/ENCFF219HWQ.fastq.gz	fastq
ENCFF988CZO	ENCSR334QCK	PABPN1L	5	pulldown	https://www.encodeproject.org/files/ENCFF988CZO/@@download/ENCFF988CZO.fastq.gz	fastq
ENCFF992FMO	ENCSR334QCK	PABPN1L	320	pulldown	https://www.encodeproject.org/files/ENCFF992FMO/@@download/ENCFF992FMO.fastq.gz	fastq
ENCFF419ZIO	ENCSR334QCK	PABPN1L	1300	pulldown	https://www.encodeproject.org/files/ENCFF419ZIO/@@download/ENCFF419ZIO.fastq.gz	fastq
ENCFF670GMS	ENCSR978BSJ	(control)	0	input	https://www.encodeproject.org/files/ENCFF670GMS/@@download/ENCFF670GMS.fastq.gz	fastq
ENCFF305UGG	ENCSR934TDK	A1CF	1300	pulldown	https://www.encodeproject.org/files/ENCFF305UGG/@@download/ENCFF305UGG.fastq.gz	fastq
ENCFF884QIH	ENCSR934TDK	A1CF	80	pulldown	https://www.encodeproject.org/files/ENCFF884QIH/@@download/ENCFF884QIH.fastq.gz	fastq
ENCFF187MDO	ENCSR934TDK	A1CF	20	pulldown	https://www.encodeproject.org/files/ENCFF187MDO/@@download/ENCFF187MDO.fastq.gz	fastq
ENCFF274IJN	ENCSR934TDK	A1CF	320	pulldown	https://www.encodeproject.org/files/ENCFF274IJN/@@download/ENCFF274IJN.fastq.gz	fastq
ENCFF194FOG	ENCSR934TDK	A1CF	5	pulldown	https://www.encodeproject.org/files/ENCFF194FOG/@@download/ENCFF194FOG.fastq.gz	fastq
ENCFF006ZXM	ENCSR315VQD	ZFP36	5	pulldown	https://www.encodeproject.org/files/ENCFF006ZXM/@@download/ENCFF006ZXM.fastq.gz	fastq
ENCFF149ZPE	ENCSR315VQD	ZFP36	80	pulldown	https://www.encodeproject.org/files/ENCFF149ZPE/@@download/ENCFF149ZPE.fastq.gz	fastq
ENCFF113XPZ	ENCSR315VQD	ZFP36	20	pulldown	https://www.encodeproject.org/files/ENCFF113XPZ/@@download/ENCFF113XPZ.fastq.gz	fastq
ENCFF248KPL	ENCSR315VQD	ZFP36	1300	pulldown	https://www.encodeproject.org/files/ENCFF248KPL/@@download/ENCFF248KPL.fastq.gz	fastq
ENCFF089AAP	ENCSR315VQD	ZFP36	320	pulldown	https://www.encodeproject.org/files/ENCFF089AAP/@@download/ENCFF089AAP.fastq.gz	fastq
ENCFF409TMI	ENCSR369RLA	LIN28B	5	pulldown	https://www.encodeproject.org/files/ENCFF409TMI/@@download/ENCFF409TMI.fastq.gz	fastq
ENCFF009HWR	ENCSR369RLA	LIN28B	1300	pulldown	https://www.encodeproject.org/files/ENCFF009HWR/@@download/ENCFF009HWR.fastq.gz	fastq
ENCFF708BUH	ENCSR369RLA	LIN28B	80	pulldown	https://www.encodeproject.org/files/ENCFF708BUH/@@download/ENCFF708BUH.fastq.gz	fastq
ENCFF960JKZ	ENCSR084YCO	CPEB1	5	pulldown	https://www.encodeproject.org/files/ENCFF960JKZ/@@download/ENCFF960JKZ.fastq.gz	fastq
ENCFF859RIY	ENCSR084YCO	CPEB1	20	pulldown	https://www.encodeproject.org/files/ENCFF859RIY/@@download/ENCFF859RIY.fastq.gz	fastq
ENCFF903JOE	ENCSR084YCO	CPEB1	80	pulldown	https://www.encodeproject.org/files/ENCFF903JOE/@@download/ENCFF903JOE.fastq.gz	fastq
ENCFF808XIS	ENCSR084YCO	CPEB1	320	pulldown	https://www.encodeproject.org/files/ENCFF808XIS/@@download/ENCFF808XIS.fastq.gz	fastq
ENCFF013YVD	ENCSR084YCO	CPEB1	1300	pulldown	https://www.encodeproject.org/files/ENCFF013YVD/@@download/ENCFF013YVD.fastq.gz	fastq
ENCFF674LSW	ENCSR741VUK	TRA2A	20	pulldown	https://www.encodeproject.org/files/ENCFF674LSW/@@download/ENCFF674LSW.fastq.gz	fastq
ENCFF369HLN	ENCSR741VUK	TRA2A	80	pulldown	https://www.encodeproject.org/files/ENCFF369HLN/@@download/ENCFF369HLN.fastq.gz	fastq
ENCFF209PWZ	ENCSR741VUK	TRA2A	5	pulldown	https://www.encodeproject.org/files/ENCFF209PWZ/@@download/ENCFF209PWZ.fastq.gz	fastq
ENCFF053JOA	ENCSR741VUK	TRA2A	320	pulldown	https://www.encodeproject.org/files/ENCFF053JOA/@@download/ENCFF053JOA.fastq.gz	fastq
ENCFF406VDD	ENCSR741VUK	TRA2A	1300	pulldown	https://www.encodeproject.org/files/ENCFF406VDD/@@download/ENCFF406VDD.fastq.gz	fastq
ENCFF096YGY	ENCSR906EKN	ILF2	320	pulldown	https://www.encodeproject.org/files/ENCFF096YGY/@@download/ENCFF096YGY.fastq.gz	fastq
ENCFF383QAM	ENCSR906EKN	ILF2	80	pulldown	https://www.encodeproject.org/files/ENCFF383QAM/@@download/ENCFF383QAM.fastq.gz	fastq
ENCFF539DBG	ENCSR906EKN	ILF2	1300	pulldown	https://www.encodeproject.org/files/ENCFF539DBG/@@download/ENCFF539DBG.fastq.gz	fastq
ENCFF647LEW	ENCSR906EKN	ILF2	5	pulldown	https://www.encodeproject.org/files/ENCFF647LEW/@@download/ENCFF647LEW.fastq.gz	fastq
ENCFF003OLV	ENCSR906EKN	ILF2	20	pulldown	https://www.encodeproject.org/files/ENCFF003OLV/@@download/ENCFF003OLV.fastq.gz	fastq
ENCFF871MJA	ENCSR474BVN	(control)	0	input	https://www.encodeproject.org/files/ENCFF871MJA/@@download/ENCFF871MJA.fastq.gz	fastq
ENCFF053JNP	ENCSR673FLQ	PCBP2	320	pulldown	https://www.encodeproject.org/files/ENCFF053JNP/@@download/ENCFF053JNP.fastq.gz	fastq
ENCFF798SMM	ENCSR673FLQ	PCBP2	5	pulldown	https://www.encodeproject.org/files/ENCFF798SMM/@@download/ENCFF798SMM.fastq.gz	fastq
ENCFF020KTF	ENCSR673FLQ	PCBP2	1300	pulldown	https://www.encodeproject.org/files/ENCFF020KTF/@@download/ENCFF020KTF.fastq.gz	fastq
ENCFF058WPN	ENCSR673FLQ	PCBP2	20	pulldown	https://www.encodeproject.org/files/ENCFF058WPN/@@download/ENCFF058WPN.fastq.gz	fastq
ENCFF691SCA	ENCSR673FLQ	PCBP2	80	pulldown	https://www.encodeproject.org/files/ENCFF691SCA/@@download/ENCFF691SCA.fastq.gz	fastq
ENCFF305KBH	ENCSR724HZI	SRSF9	320	pulldown	https://www.encodeproject.org/files/ENCFF305KBH/@@download/ENCFF305KBH.fastq.gz	fastq
ENCFF042JZR	ENCSR724HZI	SRSF9	1300	pulldown	https://www.encodeproject.org/files/ENCFF042JZR/@@download/ENCFF042JZR.fastq.gz	fastq
ENCFF413ETY	ENCSR724HZI	SRSF9	20	pulldown	https://www.encodeproject.org/files/ENCFF413ETY/@@download/ENCFF413ETY.fastq.gz	fastq
ENCFF779KVV	ENCSR724HZI	SRSF9	80	pulldown	https://www.encodeproject.org/files/ENCFF779KVV/@@download/ENCFF779KVV.fastq.gz	fastq
ENCFF927STX	ENCSR724HZI	SRSF9	5	pulldown	https://www.encodeproject.org/files/ENCFF927STX/@@download/ENCFF927STX.fastq.gz	fastq
ENCFF894RNB	ENCSR318HZC	SF1	20	pulldown	https://www.encodeproject.org/files/ENCFF894RNB/@@download/ENCFF894RNB.fastq.gz	fastq
ENCFF550BZS	ENCSR318HZC	SF1	1300	pulldown	https://www.encodeproject.org/files/ENCFF550BZS/@@download/ENCFF550BZS.fastq.gz	fastq
ENCFF310EFE	ENCSR318HZC	SF1	5	pulldown	https://www.encodeproject.org/files/ENCFF310EFE/@@download/ENCFF310EFE.fastq.gz	fastq
ENCFF574ATK	ENCSR318HZC	SF1	320	pulldown	https://www.encodeproject.org/files/ENCFF574ATK/@@download/ENCFF574ATK.fastq.gz	fastq
ENCFF620JEI	ENCSR318HZC	SF1	80	pulldown	https://www.encodeproject.org/files/ENCFF620JEI/@@download/ENCFF620JEI.fastq.gz	fastq
ENCFF546CET	ENCSR264RVK	RBM47	5	pulldown	https://www.encodeproject.org/files/ENCFF546CET/@@download/ENCFF546CET.fastq.gz	fastq
ENCFF753GNQ	ENCSR264RVK	RBM47	960	pulldown	https://www.encodeproject.org/files/ENCFF753GNQ/@@download/ENCFF753GNQ.fastq.gz	fastq
ENCFF650UUT	ENCSR264RVK	RBM47	20	pulldown	https://www.encodeproject.org/files/ENCFF650UUT/@@download/ENCFF650UUT.fastq.gz	fastq
ENCFF152YBN	ENCSR264RVK	RBM47	60	pulldown	https://www.encodeproject.org/files/ENCFF152YBN/@@download/ENCFF152YBN.fastq.gz	fastq
ENCFF051CMM	ENCSR264RVK	RBM47	240	pulldown	https://www.encodeproject.org/files/ENCFF051CMM/@@download/ENCFF051CMM.fastq.gz	fastq
ENCFF211NKK	ENCSR264RVK	RBM47	3800	pulldown	https://www.encodeproject.org/files/ENCFF211NKK/@@download/ENCFF211NKK.fastq.gz	fastq
ENCFF002VNX	ENCSR548RVM	RBM6	5	pulldown	https://www.encodeproject.org/files/ENCFF002VNX/@@download/ENCFF002VNX.fastq.gz	fastq
ENCFF133WMF	ENCSR548RVM	RBM6	80	pulldown	https://www.encodeproject.org/files/ENCFF133WMF/@@download/ENCFF133WMF.fastq.gz	fastq
ENCFF229GWE	ENCSR548RVM	RBM6	20	pulldown	https://www.encodeproject.org/files/ENCFF229GWE/@@download/ENCFF229GWE.fastq.gz	fastq
ENCFF880ULO	ENCSR548RVM	RBM6	320	pulldown	https://www.encodeproject.org/files/ENCFF880ULO/@@download/ENCFF880ULO.fastq.gz	fastq
ENCFF796ZYM	ENCSR548RVM	RBM6	1300	pulldown	https://www.encodeproject.org/files/ENCFF796ZYM/@@download/ENCFF796ZYM.fastq.gz	fastq
ENCFF866DQR	ENCSR142ZEQ	(control)	0	input	https://www.encodeproject.org/files/ENCFF866DQR/@@download/ENCFF866DQR.fastq.gz	fastq
ENCFF747XEL	ENCSR600HIW	EIF4G2	5	pulldown	https://www.encodeproject.org/files/ENCFF747XEL/@@download/ENCFF747XEL.fastq.gz	fastq
ENCFF531KCO	ENCSR600HIW	EIF4G2	1300	pulldown	https://www.encodeproject.org/files/ENCFF531KCO/@@download/ENCFF531KCO.fastq.gz	fastq
ENCFF483PKV	ENCSR600HIW	EIF4G2	20	pulldown	https://www.encodeproject.org/files/ENCFF483PKV/@@download/ENCFF483PKV.fastq.gz	fastq
ENCFF613BOZ	ENCSR600HIW	EIF4G2	80	pulldown	https://www.encodeproject.org/files/ENCFF613BOZ/@@download/ENCFF613BOZ.fastq.gz	fastq
ENCFF798BTI	ENCSR600HIW	EIF4G2	320	pulldown	https://www.encodeproject.org/files/ENCFF798BTI/@@download/ENCFF798BTI.fastq.gz	fastq
ENCFF601SFI	ENCSR525PNM	RBM23	80	pulldown	https://www.encodeproject.org/files/ENCFF601SFI/@@download/ENCFF601SFI.fastq.gz	fastq
ENCFF776JOW	ENCSR525PNM	RBM23	5	pulldown	https://www.encodeproject.org/files/ENCFF776JOW/@@download/ENCFF776JOW.fastq.gz	fastq
ENCFF237EFE	ENCSR525PNM	RBM23	1300	pulldown	https://www.encodeproject.org/files/ENCFF237EFE/@@download/ENCFF237EFE.fastq.gz	fastq
ENCFF249THA	ENCSR525PNM	RBM23	20	pulldown	https://www.encodeproject.org/files/ENCFF249THA/@@download/ENCFF249THA.fastq.gz	fastq
ENCFF462XAL	ENCSR525PNM	RBM23	320	pulldown	https://www.encodeproject.org/files/ENCFF462XAL/@@download/ENCFF462XAL.fastq.gz	fastq
ENCFF284GGX	ENCSR193UFP	(control)	0	input	https://www.encodeproject.org/files/ENCFF284GGX/@@download/ENCFF284GGX.fastq.gz	fastq
ENCFF200YPB	ENCSR065EMP	(control)	0	input	https://www.encodeproject.org/files/ENCFF200YPB/@@download/ENCFF200YPB.fastq.gz	fastq
ENCFF160WCN	ENCSR015TOO	(control)	0	input	https://www.encodeproject.org/files/ENCFF160WCN/@@download/ENCFF160WCN.fastq.gz	fastq
ENCFF537ORU	ENCSR944GMN	(control)	0	input	https://www.encodeproject.org/files/ENCFF537ORU/@@download/ENCFF537ORU.fastq.gz	fastq
ENCFF662TOD	ENCSR827QYL	TAF15	320	pulldown	https://www.encodeproject.org/files/ENCFF662TOD/@@download/ENCFF662TOD.fastq.gz	fastq
ENCFF206DZS	ENCSR827QYL	TAF15	20	pulldown	https://www.encodeproject.org/files/ENCFF206DZS/@@download/ENCFF206DZS.fastq.gz	fastq
ENCFF304HMY	ENCSR827QYL	TAF15	1300	pulldown	https://www.encodeproject.org/files/ENCFF304HMY/@@download/ENCFF304HMY.fastq.gz	fastq
ENCFF032XJW	ENCSR827QYL	TAF15	5	pulldown	https://www.encodeproject.org/files/ENCFF032XJW/@@download/ENCFF032XJW.fastq.gz	fastq
ENCFF686CWM	ENCSR827QYL	TAF15	80	pulldown	https://www.encodeproject.org/files/ENCFF686CWM/@@download/ENCFF686CWM.fastq.gz	fastq
ENCFF969DHV	ENCSR599EMY	(control)	0	input	https://www.encodeproject.org/files/ENCFF969DHV/@@download/ENCFF969DHV.fastq.gz	fastq
ENCFF550YXW	ENCSR637HFY	RBM41	320	pulldown	https://www.encodeproject.org/files/ENCFF550YXW/@@download/ENCFF550YXW.fastq.gz	fastq
ENCFF143JJC	ENCSR637HFY	RBM41	5	pulldown	https://www.encodeproject.org/files/ENCFF143JJC/@@download/ENCFF143JJC.fastq.gz	fastq
ENCFF658PGT	ENCSR637HFY	RBM41	20	pulldown	https://www.encodeproject.org/files/ENCFF658PGT/@@download/ENCFF658PGT.fastq.gz	fastq
ENCFF644BBX	ENCSR637HFY	RBM41	1300	pulldown	https://www.encodeproject.org/files/ENCFF644BBX/@@download/ENCFF644BBX.fastq.gz	fastq
ENCFF590PBM	ENCSR637HFY	RBM41	80	pulldown	https://www.encodeproject.org/files/ENCFF590PBM/@@download/ENCFF590PBM.fastq.gz	fastq
ENCFF395NJM	ENCSR311QXT	(control)	0	input	https://www.encodeproject.org/files/ENCFF395NJM/@@download/ENCFF395NJM.fastq.gz	fastq
ENCFF395ETZ	ENCSR837OWO	(control)	0	input	https://www.encodeproject.org/files/ENCFF395ETZ/@@download/ENCFF395ETZ.fastq.gz	fastq
ENCFF882HWV	ENCSR094HGB	(control)	0	input	https://www.encodeproject.org/files/ENCFF882HWV/@@download/ENCFF882HWV.fastq.gz	fastq
ENCFF175MMH	ENCSR619AIJ	(control)	0	input	https://www.encodeproject.org/files/ENCFF175MMH/@@download/ENCFF175MMH.fastq.gz	fastq
ENCFF034RJL	ENCSR110GHL	AKAP8L	5	pulldown	https://www.encodeproject.org/files/ENCFF034RJL/@@download/ENCFF034RJL.fastq.gz	fastq
ENCFF211BFR	ENCSR110GHL	AKAP8L	20	pulldown	https://www.encodeproject.org/files/ENCFF211BFR/@@download/ENCFF211BFR.fastq.gz	fastq
ENCFF048KBT	ENCSR110GHL	AKAP8L	80	pulldown	https://www.encodeproject.org/files/ENCFF048KBT/@@download/ENCFF048KBT.fastq.gz	fastq
ENCFF425XLJ	ENCSR206YLC	(control)	0	input	https://www.encodeproject.org/files/ENCFF425XLJ/@@download/ENCFF425XLJ.fastq.gz	fastq
ENCFF316BWJ	ENCSR558RBK	SAFB2	1300	pulldown	https://www.encodeproject.org/files/ENCFF316BWJ/@@download/ENCFF316BWJ.fastq.gz	fastq
ENCFF632PPX	ENCSR558RBK	SAFB2	320	pulldown	https://www.encodeproject.org/files/ENCFF632PPX/@@download/ENCFF632PPX.fastq.gz	fastq
ENCFF863XPB	ENCSR558RBK	SAFB2	80	pulldown	https://www.encodeproject.org/files/ENCFF863XPB/@@download/ENCFF863XPB.fastq.gz	fastq
ENCFF336ZLG	ENCSR472KKU	APOBEC3C	320	pulldown	https://www.encodeproject.org/files/ENCFF336ZLG/@@download/ENCFF336ZLG.fastq.gz	fastq
ENCFF596THB	ENCSR472KKU	APOBEC3C	20	pulldown	https://www.encodeproject.org/files/ENCFF596THB/@@download/ENCFF596THB.fastq.gz	fastq
ENCFF288DDJ	ENCSR472KKU	APOBEC3C	80	pulldown	https://www.encodeproject.org/files/ENCFF288DDJ/@@download/ENCFF288DDJ.fastq.gz	fastq
ENCFF772AJT	ENCSR655NWZ	RBM15B	20	pulldown	https://www.encodeproject.org/files/ENCFF772AJT/@@download/ENCFF772AJT.fastq.gz	fastq
ENCFF037HIV	ENCSR655NWZ	RBM15B	80	pulldown	https://www.encodeproject.org/files/ENCFF037HIV/@@download/ENCFF037HIV.fastq.gz	fastq
ENCFF461ZWO	ENCSR655NWZ	RBM15B	5	pulldown	https://www.encodeproject.org/files/ENCFF461ZWO/@@download/ENCFF461ZWO.fastq.gz	fastq
ENCFF234HVI	ENCSR655NWZ	RBM15B	320	pulldown	https://www.encodeproject.org/files/ENCFF234HVI/@@download/ENCFF234HVI.fastq.gz	fastq
ENCFF160QZD	ENCSR655NWZ	RBM15B	1300	pulldown	https://www.encodeproject.org/files/ENCFF160QZD/@@download/ENCFF160QZD.fastq.gz	fastq
ENCFF694BLE	ENCSR055HDN	HNRNPDL	5	pulldown	https://www.encodeproject.org/files/ENCFF694BLE/@@download/ENCFF694BLE.fastq.gz	fastq
ENCFF566PVD	ENCSR055HDN	HNRNPDL	320	pulldown	https://www.encodeproject.org/files/ENCFF566PVD/@@download/ENCFF566PVD.fastq.gz	fastq
ENCFF032BNE	ENCSR055HDN	HNRNPDL	1300	pulldown	https://www.encodeproject.org/files/ENCFF032BNE/@@download/ENCFF032BNE.fastq.gz	fastq
ENCFF495RWY	ENCSR055HDN	HNRNPDL	20	pulldown	https://www.encodeproject.org/files/ENCFF495RWY/@@download/ENCFF495RWY.fastq.gz	fastq
ENCFF613XWY	ENCSR055HDN	HNRNPDL	80	pulldown	https://www.encodeproject.org/files/ENCFF613XWY/@@download/ENCFF613XWY.fastq.gz	fastq
ENCFF864DRM	ENCSR990LWK	(control)	0	input	https://www.encodeproject.org/files/ENCFF864DRM/@@download/ENCFF864DRM.fastq.gz	fastq
ENCFF395BBW	ENCSR307EIC	(control)	0	input	https://www.encodeproject.org/files/ENCFF395BBW/@@download/ENCFF395BBW.fastq.gz	fastq
ENCFF137VIC	ENCSR278BSO	(control)	0	input	https://www.encodeproject.org/files/ENCFF137VIC/@@download/ENCFF137VIC.fastq.gz	fastq
ENCFF859IFZ	ENCSR191PTZ	PRR3	20	pulldown	https://www.encodeproject.org/files/ENCFF859IFZ/@@download/ENCFF859IFZ.fastq.gz	fastq
ENCFF002RAY	ENCSR191PTZ	PRR3	5	pulldown	https://www.encodeproject.org/files/ENCFF002RAY/@@download/ENCFF002RAY.fastq.gz	fastq
ENCFF584IYE	ENCSR191PTZ	PRR3	80	pulldown	https://www.encodeproject.org/files/ENCFF584IYE/@@download/ENCFF584IYE.fastq.gz	fastq
ENCFF305FZN	ENCSR191PTZ	PRR3	320	pulldown	https://www.encodeproject.org/files/ENCFF305FZN/@@download/ENCFF305FZN.fastq.gz	fastq
ENCFF016DMQ	ENCSR191PTZ	PRR3	1300	pulldown	https://www.encodeproject.org/files/ENCFF016DMQ/@@download/ENCFF016DMQ.fastq.gz	fastq
ENCFF385FEF	ENCSR335RUM	(control)	0	input	https://www.encodeproject.org/files/ENCFF385FEF/@@download/ENCFF385FEF.fastq.gz	fastq
ENCFF248EWX	ENCSR418ZPZ	(control)	0	input	https://www.encodeproject.org/files/ENCFF248EWX/@@download/ENCFF248EWX.fastq.gz	fastq
ENCFF922HKT	ENCSR769AEI	PCBP4	5	pulldown	https://www.encodeproject.org/files/ENCFF922HKT/@@download/ENCFF922HKT.fastq.gz	fastq
ENCFF065MZA	ENCSR769AEI	PCBP4	320	pulldown	https://www.encodeproject.org/files/ENCFF065MZA/@@download/ENCFF065MZA.fastq.gz	fastq
ENCFF814SIC	ENCSR769AEI	PCBP4	1300	pulldown	https://www.encodeproject.org/files/ENCFF814SIC/@@download/ENCFF814SIC.fastq.gz	fastq
ENCFF871CCW	ENCSR769AEI	PCBP4	80	pulldown	https://www.encodeproject.org/files/ENCFF871CCW/@@download/ENCFF871CCW.fastq.gz	fastq
ENCFF024KDW	ENCSR769AEI	PCBP4	20	pulldown	https://www.encodeproject.org/files/ENCFF024KDW/@@download/ENCFF024KDW.fastq.gz	fastq
ENCFF025KXN	ENCSR497LIF	BOLL	5	pulldown	https://www.encodeproject.org/files/ENCFF025KXN/@@download/ENCFF025KXN.fastq.gz	fastq
ENCFF471GJF	ENCSR497LIF	BOLL	20	pulldown	https://www.encodeproject.org/files/ENCFF471GJF/@@download/ENCFF471GJF.fastq.gz	fastq
ENCFF954BBZ	ENCSR497LIF	BOLL	320	pulldown	https://www.encodeproject.org/files/ENCFF954BBZ/@@download/ENCFF954BBZ.fastq.gz	fastq
ENCFF305QDN	ENCSR497LIF	BOLL	80	pulldown	https://www.encodeproject.org/files/ENCFF305QDN/@@download/ENCFF305QDN.fastq.gz	fastq
ENCFF939KQG	ENCSR497LIF	BOLL	1300	pulldown	https://www.encodeproject.org/files/ENCFF939KQG/@@download/ENCFF939KQG.fastq.gz	fastq
ENCFF892LGW	ENCSR834CED	NOVA1	320	pulldown	https://www.encodeproject.org/files/ENCFF892LGW/@@download/ENCFF892LGW.fastq.gz	fastq
ENCFF773ACP	ENCSR834CED	NOVA1	20	pulldown	https://www.encodeproject.org/files/ENCFF773ACP/@@download/ENCFF773ACP.fastq.gz	fastq
ENCFF557ODA	ENCSR834CED	NOVA1	5	pulldown	https://www.encodeproject.org/files/ENCFF557ODA/@@download/ENCFF557ODA.fastq.gz	fastq
ENCFF510DKF	ENCSR834CED	NOVA1	1300	pulldown	https://www.encodeproject.org/files/ENCFF510DKF/@@download/ENCFF510DKF.fastq.gz	fastq
ENCFF850IFW	ENCSR834CED	NOVA1	80	pulldown	https://www.encodeproject.org/files/ENCFF850IFW/@@download/ENCFF850IFW.fastq.gz	fastq
ENCFF357LTA	ENCSR535HJE	(control)	0	input	https://www.encodeproject.org/files/ENCFF357LTA/@@download/ENCFF357LTA.fastq.gz	fastq
ENCFF575BTH	ENCSR626INQ	RBM45	80	pulldown	https://www.encodeproject.org/files/ENCFF575BTH/@@download/ENCFF575BTH.fastq.gz	fastq
ENCFF660MFW	ENCSR626INQ	RBM45	320	pulldown	https://www.encodeproject.org/files/ENCFF660MFW/@@download/ENCFF660MFW.fastq.gz	fastq
ENCFF303TMB	ENCSR626INQ	RBM45	5	pulldown	https://www.encodeproject.org/files/ENCFF303TMB/@@download/ENCFF303TMB.fastq.gz	fastq
ENCFF902WXY	ENCSR626INQ	RBM45	20	pulldown	https://www.encodeproject.org/files/ENCFF902WXY/@@download/ENCFF902WXY.fastq.gz	fastq
ENCFF294KSP	ENCSR626INQ	RBM45	1300	pulldown	https://www.encodeproject.org/files/ENCFF294KSP/@@download/ENCFF294KSP.fastq.gz	fastq
ENCFF248GRF	ENCSR391IGH	(control)	0	input	https://www.encodeproject.org/files/ENCFF248GRF/@@download/ENCFF248GRF.fastq.gz	fastq
ENCFF668WQD	ENCSR490BSK	(control)	0	input	https://www.encodeproject.org/files/ENCFF668WQD/@@download/ENCFF668WQD.fastq.gz	fastq
ENCFF767MZQ	ENCSR192FWS	(control)	0	input	https://www.encodeproject.org/files/ENCFF767MZQ/@@download/ENCFF767MZQ.fastq.gz	fastq
ENCFF369WZD	ENCSR419XDN	TRNAU1AP	20	pulldown	https://www.encodeproject.org/files/ENCFF369WZD/@@download/ENCFF369WZD.fastq.gz	fastq
ENCFF228IGY	ENCSR419XDN	TRNAU1AP	80	pulldown	https://www.encodeproject.org/files/ENCFF228IGY/@@download/ENCFF228IGY.fastq.gz	fastq
ENCFF330UOX	ENCSR419XDN	TRNAU1AP	320	pulldown	https://www.encodeproject.org/files/ENCFF330UOX/@@download/ENCFF330UOX.fastq.gz	fastq
ENCFF339GLP	ENCSR419XDN	TRNAU1AP	1300	pulldown	https://www.encodeproject.org/files/ENCFF339GLP/@@download/ENCFF339GLP.fastq.gz	fastq
ENCFF823RGZ	ENCSR419XDN	TRNAU1AP	5	pulldown	https://www.encodeproject.org/files/ENCFF823RGZ/@@download/ENCFF823RGZ.fastq.gz	fastq
ENCFF771ECU	ENCSR721PRM	(control)	0	input	https://www.encodeproject.org/files/ENCFF771ECU/@@download/ENCFF771ECU.fastq.gz	fastq
ENCFF812GKQ	ENCSR821CTW	(control)	0	input	https://www.encodeproject.org/files/ENCFF812GKQ/@@download/ENCFF812GKQ.fastq.gz	fastq
ENCFF355UIV	ENCSR742AEU	RBM24	5	pulldown	https://www.encodeproject.org/files/ENCFF355UIV/@@download/ENCFF355UIV.fastq.gz	fastq
ENCFF211URD	ENCSR742AEU	RBM24	20	pulldown	https://www.encodeproject.org/files/ENCFF211URD/@@download/ENCFF211URD.fastq.gz	fastq
ENCFF948RIV	ENCSR742AEU	RBM24	80	pulldown	https://www.encodeproject.org/files/ENCFF948RIV/@@download/ENCFF948RIV.fastq.gz	fastq
ENCFF583TUC	ENCSR742AEU	RBM24	320	pulldown	https://www.encodeproject.org/files/ENCFF583TUC/@@download/ENCFF583TUC.fastq.gz	fastq
ENCFF698TXB	ENCSR742AEU	RBM24	1300	pulldown	https://www.encodeproject.org/files/ENCFF698TXB/@@download/ENCFF698TXB.fastq.gz	fastq
ENCFF324ZYT	ENCSR492CFG	RBMS2	5	pulldown	https://www.encodeproject.org/files/ENCFF324ZYT/@@download/ENCFF324ZYT.fastq.gz	fastq
ENCFF231KTD	ENCSR492CFG	RBMS2	80	pulldown	https://www.encodeproject.org/files/ENCFF231KTD/@@download/ENCFF231KTD.fastq.gz	fastq
ENCFF820PEE	ENCSR492CFG	RBMS2	20	pulldown	https://www.encodeproject.org/files/ENCFF820PEE/@@download/ENCFF820PEE.fastq.gz	fastq
ENCFF273JFY	ENCSR492CFG	RBMS2	320	pulldown	https://www.encodeproject.org/files/ENCFF273JFY/@@download/ENCFF273JFY.fastq.gz	fastq
ENCFF452FCJ	ENCSR492CFG	RBMS2	1300	pulldown	https://www.encodeproject.org/files/ENCFF452FCJ/@@download/ENCFF452FCJ.fastq.gz	fastq
ENCFF114JMF	ENCSR170PBM	HNRNPA0	80	pulldown	https://www.encodeproject.org/files/ENCFF114JMF/@@download/ENCFF114JMF.fastq.gz	fastq
ENCFF836VGG	ENCSR170PBM	HNRNPA0	1300	pulldown	https://www.encodeproject.org/files/ENCFF836VGG/@@download/ENCFF836VGG.fastq.gz	fastq
ENCFF210HCF	ENCSR170PBM	HNRNPA0	320	pulldown	https://www.encodeproject.org/files/ENCFF210HCF/@@download/ENCFF210HCF.fastq.gz	fastq
ENCFF373FBO	ENCSR170PBM	HNRNPA0	5	pulldown	https://www.encodeproject.org/files/ENCFF373FBO/@@download/ENCFF373FBO.fastq.gz	fastq
ENCFF156FZK	ENCSR170PBM	HNRNPA0	20	pulldown	https://www.encodeproject.org/files/ENCFF156FZK/@@download/ENCFF156FZK.fastq.gz	fastq
ENCFF526DSN	ENCSR205HMN	ZCRB1	20	pulldown	https://www.encodeproject.org/files/ENCFF526DSN/@@download/ENCFF526DSN.fastq.gz	fastq
ENCFF449IAQ	ENCSR205HMN	ZCRB1	80	pulldown	https://www.encodeproject.org/files/ENCFF449IAQ/@@download/ENCFF449IAQ.fastq.gz	fastq
ENCFF678GKT	ENCSR205HMN	ZCRB1	1300	pulldown	https://www.encodeproject.org/files/ENCFF678GKT/@@download/ENCFF678GKT.fastq.gz	fastq
ENCFF758ORV	ENCSR205HMN	ZCRB1	5	pulldown	https://www.encodeproject.org/files/ENCFF758ORV/@@download/ENCFF758ORV.fastq.gz	fastq
ENCFF862JMB	ENCSR205HMN	ZCRB1	320	pulldown	https://www.encodeproject.org/files/ENCFF862JMB/@@download/ENCFF862JMB.fastq.gz	fastq
ENCFF316GAF	ENCSR915CDT	HNRNPCL1	5	pulldown	https://www.encodeproject.org/files/ENCFF316GAF/@@download/ENCFF316GAF.fastq.gz	fastq
ENCFF150PUV	ENCSR915CDT	HNRNPCL1	80	pulldown	https://www.encodeproject.org/files/ENCFF150PUV/@@download/ENCFF150PUV.fastq.gz	fastq
ENCFF729PSS	ENCSR915CDT	HNRNPCL1	20	pulldown	https://www.encodeproject.org/files/ENCFF729PSS/@@download/ENCFF729PSS.fastq.gz	fastq
ENCFF963SCO	ENCSR915CDT	HNRNPCL1	320	pulldown	https://www.encodeproject.org/files/ENCFF963SCO/@@download/ENCFF963SCO.fastq.gz	fastq
ENCFF442IBY	ENCSR915CDT	HNRNPCL1	1300	pulldown	https://www.encodeproject.org/files/ENCFF442IBY/@@download/ENCFF442IBY.fastq.gz	fastq
ENCFF921PCX	ENCSR449VKY	DAZ3	5	pulldown	https://www.encodeproject.org/files/ENCFF921PCX/@@download/ENCFF921PCX.fastq.gz	fastq
ENCFF463SEP	ENCSR449VKY	DAZ3	20	pulldown	https://www.encodeproject.org/files/ENCFF463SEP/@@download/ENCFF463SEP.fastq.gz	fastq
ENCFF633VVB	ENCSR449VKY	DAZ3	80	pulldown	https://www.encodeproject.org/files/ENCFF633VVB/@@download/ENCFF633VVB.fastq.gz	fastq
ENCFF182ZXE	ENCSR449VKY	DAZ3	320	pulldown	https://www.encodeproject.org/files/ENCFF182ZXE/@@download/ENCFF182ZXE.fastq.gz	fastq
ENCFF756JHY	ENCSR449VKY	DAZ3	1300	pulldown	https://www.encodeproject.org/files/ENCFF756JHY/@@download/ENCFF756JHY.fastq.gz	fastq
ENCFF642XCH	ENCSR951YCV	SFPQ	320	pulldown	https://www.encodeproject.org/files/ENCFF642XCH/@@download/ENCFF642XCH.fastq.gz	fastq
ENCFF092VIT	ENCSR951YCV	SFPQ	5	pulldown	https://www.encodeproject.org/files/ENCFF092VIT/@@download/ENCFF092VIT.fastq.gz	fastq
ENCFF597YAL	ENCSR951YCV	SFPQ	1300	pulldown	https://www.encodeproject.org/files/ENCFF597YAL/@@download/ENCFF597YAL.fastq.gz	fastq
ENCFF852PPY	ENCSR951YCV	SFPQ	80	pulldown	https://www.encodeproject.org/files/ENCFF852PPY/@@download/ENCFF852PPY.fastq.gz	fastq
ENCFF980WQW	ENCSR951YCV	SFPQ	20	pulldown	https://www.encodeproject.org/files/ENCFF980WQW/@@download/ENCFF980WQW.fastq.gz	fastq
ENCFF023PUC	ENCSR466JPT	TARDBP	5	pulldown	https://www.encodeproject.org/files/ENCFF023PUC/@@download/ENCFF023PUC.fastq.gz	fastq
ENCFF147IXH	ENCSR466JPT	TARDBP	20	pulldown	https://www.encodeproject.org/files/ENCFF147IXH/@@download/ENCFF147IXH.fastq.gz	fastq
ENCFF864BPI	ENCSR466JPT	TARDBP	80	pulldown	https://www.encodeproject.org/files/ENCFF864BPI/@@download/ENCFF864BPI.fastq.gz	fastq
ENCFF552GCD	ENCSR466JPT	TARDBP	320	pulldown	https://www.encodeproject.org/files/ENCFF552GCD/@@download/ENCFF552GCD.fastq.gz	fastq
ENCFF044GED	ENCSR466JPT	TARDBP	1300	pulldown	https://www.encodeproject.org/files/ENCFF044GED/@@download/ENCFF044GED.fastq.gz	fastq
ENCFF483NLQ	ENCSR927JUW	(control)	0	input	https://www.encodeproject.org/files/ENCFF483NLQ/@@download/ENCFF483NLQ.fastq.gz	fastq
ENCFF874MPY	ENCSR497VCL	UNK	20	pulldown	https://www.encodeproject.org/files/ENCFF874MPY/@@download/ENCFF874MPY.fastq.gz	fastq
ENCFF256CNE	ENCSR497VCL	UNK	80	pulldown	https://www.encodeproject.org/files/ENCFF256CNE/@@download/ENCFF256CNE.fastq.gz	fastq
ENCFF474ABY	ENCSR497VCL	UNK	320	pulldown	https://www.encodeproject.org/files/ENCFF474ABY/@@download/ENCFF474ABY.fastq.gz	fastq
ENCFF035LLB	ENCSR497VCL	UNK	5	pulldown	https://www.encodeproject.org/files/ENCFF035LLB/@@download/ENCFF035LLB.fastq.gz	fastq
ENCFF084FZV	ENCSR497VCL	UNK	1300	pulldown	https://www.encodeproject.org/files/ENCFF084FZV/@@download/ENCFF084FZV.fastq.gz	fastq
ENCFF118MEC	ENCSR583NVI	KHDRBS3	320	pulldown	https://www.encodeproject.org/files/ENCFF118MEC/@@download/ENCFF118MEC.fastq.gz	fastq
ENCFF793XRU	ENCSR583NVI	KHDRBS3	1300	pulldown	https://www.encodeproject.org/files/ENCFF793XRU/@@download/ENCFF793XRU.fastq.gz	fastq
ENCFF612DYP	ENCSR583NVI	KHDRBS3	5	pulldown	https://www.encodeproject.org/files/ENCFF612DYP/@@download/ENCFF612DYP.fastq.gz	fastq
ENCFF993IHW	ENCSR583NVI	KHDRBS3	80	pulldown	https://www.encodeproject.org/files/ENCFF993IHW/@@download/ENCFF993IHW.fastq.gz	fastq
ENCFF345AMU	ENCSR229VBP	RALYL	20	pulldown	https://www.encodeproject.org/files/ENCFF345AMU/@@download/ENCFF345AMU.fastq.gz	fastq
ENCFF432AZE	ENCSR229VBP	RALYL	5	pulldown	https://www.encodeproject.org/files/ENCFF432AZE/@@download/ENCFF432AZE.fastq.gz	fastq
ENCFF464RSK	ENCSR229VBP	RALYL	80	pulldown	https://www.encodeproject.org/files/ENCFF464RSK/@@download/ENCFF464RSK.fastq.gz	fastq
ENCFF532TOJ	ENCSR229VBP	RALYL	1300	pulldown	https://www.encodeproject.org/files/ENCFF532TOJ/@@download/ENCFF532TOJ.fastq.gz	fastq
ENCFF586EOO	ENCSR965YGY	(control)	0	input	https://www.encodeproject.org/files/ENCFF586EOO/@@download/ENCFF586EOO.fastq.gz	fastq
ENCFF560UQP	ENCSR164XGH	IGF2BP3	20	pulldown	https://www.encodeproject.org/files/ENCFF560UQP/@@download/ENCFF560UQP.fastq.gz	fastq
ENCFF066XQG	ENCSR164XGH	IGF2BP3	320	pulldown	https://www.encodeproject.org/files/ENCFF066XQG/@@download/ENCFF066XQG.fastq.gz	fastq
ENCFF935OTT	ENCSR164XGH	IGF2BP3	80	pulldown	https://www.encodeproject.org/files/ENCFF935OTT/@@download/ENCFF935OTT.fastq.gz	fastq
ENCFF056CJU	ENCSR537ATS	(control)	0	input	https://www.encodeproject.org/files/ENCFF056CJU/@@download/ENCFF056CJU.fastq.gz	fastq
ENCFF746FBG	ENCSR474NYR	SUCLG1	5	pulldown	https://www.encodeproject.org/files/ENCFF746FBG/@@download/ENCFF746FBG.fastq.gz	fastq
ENCFF764GUH	ENCSR474NYR	SUCLG1	1300	pulldown	https://www.encodeproject.org/files/ENCFF764GUH/@@download/ENCFF764GUH.fastq.gz	fastq
ENCFF516HHS	ENCSR474NYR	SUCLG1	80	pulldown	https://www.encodeproject.org/files/ENCFF516HHS/@@download/ENCFF516HHS.fastq.gz	fastq
ENCFF642LIU	ENCSR905BJK	RBM4B	5	pulldown	https://www.encodeproject.org/files/ENCFF642LIU/@@download/ENCFF642LIU.fastq.gz	fastq
ENCFF414MZG	ENCSR905BJK	RBM4B	320	pulldown	https://www.encodeproject.org/files/ENCFF414MZG/@@download/ENCFF414MZG.fastq.gz	fastq
ENCFF933GYK	ENCSR905BJK	RBM4B	80	pulldown	https://www.encodeproject.org/files/ENCFF933GYK/@@download/ENCFF933GYK.fastq.gz	fastq
ENCFF030UYE	ENCSR905BJK	RBM4B	1300	pulldown	https://www.encodeproject.org/files/ENCFF030UYE/@@download/ENCFF030UYE.fastq.gz	fastq
ENCFF885DNO	ENCSR189MAB	XRCC6	80	pulldown	https://www.encodeproject.org/files/ENCFF885DNO/@@download/ENCFF885DNO.fastq.gz	fastq
ENCFF932TTA	ENCSR189MAB	XRCC6	20	pulldown	https://www.encodeproject.org/files/ENCFF932TTA/@@download/ENCFF932TTA.fastq.gz	fastq
ENCFF223OKF	ENCSR189MAB	XRCC6	320	pulldown	https://www.encodeproject.org/files/ENCFF223OKF/@@download/ENCFF223OKF.fastq.gz	fastq
ENCFF488DBR	ENCSR927QJQ	ZRANB2	1300	pulldown	https://www.encodeproject.org/files/ENCFF488DBR/@@download/ENCFF488DBR.fastq.gz	fastq
ENCFF090FQJ	ENCSR927QJQ	ZRANB2	320	pulldown	https://www.encodeproject.org/files/ENCFF090FQJ/@@download/ENCFF090FQJ.fastq.gz	fastq
ENCFF158XJZ	ENCSR927QJQ	ZRANB2	80	pulldown	https://www.encodeproject.org/files/ENCFF158XJZ/@@download/ENCFF158XJZ.fastq.gz	fastq
ENCFF169FUR	ENCSR167ZZB	SNRPA	20	pulldown	https://www.encodeproject.org/files/ENCFF169FUR/@@download/ENCFF169FUR.fastq.gz	fastq
ENCFF818QHZ	ENCSR167ZZB	SNRPA	320	pulldown	https://www.encodeproject.org/files/ENCFF818QHZ/@@download/ENCFF818QHZ.fastq.gz	fastq
ENCFF279HZP	ENCSR167ZZB	SNRPA	5	pulldown	https://www.encodeproject.org/files/ENCFF279HZP/@@download/ENCFF279HZP.fastq.gz	fastq
ENCFF729AXE	ENCSR167ZZB	SNRPA	80	pulldown	https://www.encodeproject.org/files/ENCFF729AXE/@@download/ENCFF729AXE.fastq.gz	fastq
ENCFF658HXU	ENCSR167ZZB	SNRPA	1300	pulldown	https://www.encodeproject.org/files/ENCFF658HXU/@@download/ENCFF658HXU.fastq.gz	fastq
ENCFF016HYN	ENCSR360QVI	(control)	0	input	https://www.encodeproject.org/files/ENCFF016HYN/@@download/ENCFF016HYN.fastq.gz	fastq
ENCFF449THM	ENCSR564OYI	(control)	0	input	https://www.encodeproject.org/files/ENCFF449THM/@@download/ENCFF449THM.fastq.gz	fastq
ENCFF733GGQ	ENCSR989YKV	(control)	0	input	https://www.encodeproject.org/files/ENCFF733GGQ/@@download/ENCFF733GGQ.fastq.gz	fastq
ENCFF967YLZ	ENCSR102MQN	NUPL2	320	pulldown	https://www.encodeproject.org/files/ENCFF967YLZ/@@download/ENCFF967YLZ.fastq.gz	fastq
ENCFF558MQD	ENCSR102MQN	NUPL2	20	pulldown	https://www.encodeproject.org/files/ENCFF558MQD/@@download/ENCFF558MQD.fastq.gz	fastq
ENCFF143HKO	ENCSR102MQN	NUPL2	1300	pulldown	https://www.encodeproject.org/files/ENCFF143HKO/@@download/ENCFF143HKO.fastq.gz	fastq
ENCFF452SPV	ENCSR102MQN	NUPL2	5	pulldown	https://www.encodeproject.org/files/ENCFF452SPV/@@download/ENCFF452SPV.fastq.gz	fastq
ENCFF174KHL	ENCSR102MQN	NUPL2	80	pulldown	https://www.encodeproject.org/files/ENCFF174KHL/@@download/ENCFF174KHL.fastq.gz	fastq
ENCFF654ZXW	ENCSR721BBI	(control)	0	input	https://www.encodeproject.org/files/ENCFF654ZXW/@@download/ENCFF654ZXW.fastq.gz	fastq
ENCFF960CSP	ENCSR606JGJ	SNRPB2	5	pulldown	https://www.encodeproject.org/files/ENCFF960CSP/@@download/ENCFF960CSP.fastq.gz	fastq
ENCFF749DSK	ENCSR606JGJ	SNRPB2	1300	pulldown	https://www.encodeproject.org/files/ENCFF749DSK/@@download/ENCFF749DSK.fastq.gz	fastq
ENCFF078XHY	ENCSR606JGJ	SNRPB2	80	pulldown	https://www.encodeproject.org/files/ENCFF078XHY/@@download/ENCFF078XHY.fastq.gz	fastq
ENCFF940HMN	ENCSR790NTP	(control)	0	input	https://www.encodeproject.org/files/ENCFF940HMN/@@download/ENCFF940HMN.fastq.gz	fastq
ENCFF815HRK	ENCSR224KSF	RBMS3	80	pulldown	https://www.encodeproject.org/files/ENCFF815HRK/@@download/ENCFF815HRK.fastq.gz	fastq
ENCFF159XZR	ENCSR224KSF	RBMS3	1300	pulldown	https://www.encodeproject.org/files/ENCFF159XZR/@@download/ENCFF159XZR.fastq.gz	fastq
ENCFF270MEX	ENCSR224KSF	RBMS3	20	pulldown	https://www.encodeproject.org/files/ENCFF270MEX/@@download/ENCFF270MEX.fastq.gz	fastq
ENCFF296APU	ENCSR224KSF	RBMS3	320	pulldown	https://www.encodeproject.org/files/ENCFF296APU/@@download/ENCFF296APU.fastq.gz	fastq
ENCFF816DFV	ENCSR265XUT	(control)	0	input	https://www.encodeproject.org/files/ENCFF816DFV/@@download/ENCFF816DFV.fastq.gz	fastq
ENCFF385XEF	ENCSR424VRD	(control)	0	input	https://www.encodeproject.org/files/ENCFF385XEF/@@download/ENCFF385XEF.fastq.gz	fastq
ENCFF743RCD	ENCSR335JQK	ZNF326	5	pulldown	https://www.encodeproject.org/files/ENCFF743RCD/@@download/ENCFF743RCD.fastq.gz	fastq
ENCFF730GYB	ENCSR335JQK	ZNF326	20	pulldown	https://www.encodeproject.org/files/ENCFF730GYB/@@download/ENCFF730GYB.fastq.gz	fastq
ENCFF398TUH	ENCSR335JQK	ZNF326	80	pulldown	https://www.encodeproject.org/files/ENCFF398TUH/@@download/ENCFF398TUH.fastq.gz	fastq
ENCFF325OGD	ENCSR335JQK	ZNF326	320	pulldown	https://www.encodeproject.org/files/ENCFF325OGD/@@download/ENCFF325OGD.fastq.gz	fastq
ENCFF679WSU	ENCSR335JQK	ZNF326	1300	pulldown	https://www.encodeproject.org/files/ENCFF679WSU/@@download/ENCFF679WSU.fastq.gz	fastq
ENCFF505ATJ	ENCSR043GXN	(control)	0	input	https://www.encodeproject.org/files/ENCFF505ATJ/@@download/ENCFF505ATJ.fastq.gz	fastq
ENCFF295WRQ	ENCSR930IPS	(control)	0	input	https://www.encodeproject.org/files/ENCFF295WRQ/@@download/ENCFF295WRQ.fastq.gz	fastq
ENCFF499TRO	ENCSR118LLV	(control)	0	input	https://www.encodeproject.org/files/ENCFF499TRO/@@download/ENCFF499TRO.fastq.gz	fastq
